0,1,2,3,4,5,6,7,8,9,10,11,12,13,14,15,16,17,18,19,20,21,22
INDENT NO,WO NO,ITEM DESCRIPTION,MT ID,MT TYPE,QUT,UNIT,SIZE,THK,WIDTH,ID,VENDOR NAME,RATE EACH,DISCOUNT,OTHER EXP,TAX,QUT,PO NO,PO DESCRIPTION,AMOUNT,TAX AM,TOTALAMOUNT,item_description
1,M045,FAB-PLATE THK 8 X 232 X 877 ,PLATE,NA,4,KGS,8,232,877,0,GHANSHYAM VVN,70,0,0,18,51.11,,MT-PLATE Thk 8 Thk  X 232 X 877 mm Long,3577.710976,643.9879757,4221.698952,8
2,M045,FAB-3AH 550-GBC-A1_2,PLATE,NA,1,KGS,8,242,1244,0,GHANSHYAM VVN,70,0,0,18,18.91,,MT-PLATE Thk 8 Thk  X 242 X 1244 mm Long,1323.407008,238.2132614,1561.620269,PLATE8
3,M045,MT FAB MAIN PROFILE,PLATE,NA,4,KGS,50,115,758,0,GHANSHYAM VVN,70,0,0,18,136.86,,MT-PLATE Thk 50 Thk  X 115 X 758 mm Long,9579.983,1724.39694,11304.37994,PLATE50
4,M045,FAB-3AH 550-GBC-A1_4,PLATE,NA,4,KGS,20,40,142,0,GHANSHYAM VVN,70,0,0,18,3.57,,MT-PLATE Thk 20 Thk  X 40 X 142 mm Long,249.6928,44.944704,294.637504,PLATE20
5,M045,3AH 550-GBC-A1_5,PLATE,NA,4,KGS,20,40,326,0,GHANSHYAM VVN,70,0,0,18,8.19,,MT-PLATE Thk 20 Thk  X 40 X 326 mm Long,573.2384,103.182912,676.421312,PLATE20
6,M045,3AH 550-GBC-A1_6,PLATE,NA,2,KGS,25,77,470,0,GHANSHYAM VVN,70,0,0,18,14.2,,MT-PLATE Thk 25 Thk  X 77 X 470 mm Long,994.32025,178.977645,1173.297895,PLATE25
7,M045,3AH 550-GBC-A1_7,PLATE,NA,1,KGS,6,35,856,0,GHANSHYAM VVN,70,0,0,18,1.41,,MT-PLATE Thk 6 Thk  X 35 X 856 mm Long,98.77812,17.7800616,116.5581816,PLATE6
8,M045,3AH 550-GBC-A1_8,PLATE,NA,1,KGS,6,242,1175,0,GHANSHYAM VVN,70,0,0,18,13.39,,MT-PLATE Thk 6 Thk  X 242 X 1175 mm Long,937.50195,168.750351,1106.252301,PLATE6
9,M045,C CHANNEL 75,ISMC,NA,1,KGS,75,90,0,0,GHANSHYAM VVN,70,0,0,18,0.61,,MT-C CHANNEL 75 X 90 mm Long,42.84,7.7112,50.5512,CH75
10,M045,C CHANNEL 75,ISMC,NA,4,KGS,75,80,0,0,GHANSHYAM VVN,70,0,0,18,2.18,,MT-C CHANNEL 75 X 80 mm Long,152.32,27.4176,179.7376,CH75
11,M045,3AH 550-GBC-A1_11,BF,DOWELPIN,2,Nos,10,50,0,0,GHANSHYAM VVN,10,0,0,18,2,,DOWELPIN 10X50,20,3.6,23.6,DOWELPIN 10X50
12,M045,3AH 550-GBC-A1_12,BF,BOLT,16,NOS,16,0,0,0,GHANSHYAM VVN,5,0,0,18,16,,HEXBOLT-16X70,80,14.4,94.4,HEXBOLT-M16X70
13,M045,3AH 550-GBC-A1_13,BF,BOLT,16,NOS,16,0,0,0,GHANSHYAM VVN,2.5,0,0,18,16,,HEXNUT-16,40,7.2,47.2,HEXNUT-M16
14,M045,3AH 550-GBC-A1_14,BF,BOLT,16,NOS,16,0,0,0,GHANSHYAM VVN,1,0,0,18,16,,SPWASHER-A16,16,2.88,18.88,SPWASHER-A16
15,M045,3AH 550-GBC-A1_20_SILICON,BF,BF,3,NOS,0,0,0,0,GHANSHYAM VVN,90,0,0,18,3,,SILICON,270,48.6,318.6,SILICON
16,M045,3AH 550-GBC-A1_23_STUD 16X200,ROUND,STD,8,KGS,16,200,0,0,GHANSHYAM VVN,65,0,0,18,2.52,,MT-ROUND Ø 16 X 200 mm Long,164.00384,29.5206912,193.5245312,ROUND16
17,M045,3AH 550-GBC-A1_19_NUT 16,BF,STD,28,NOS,16,0,0,0,GHANSHYAM VVN,2.5,0,0,18,28,,HEXNUT-16,70,12.6,82.6,HEXNUT-M16
18,M045,3AH550 FABRICATION WITH SR- JW,LABOUR,NA,210,KGS,0,0,0,0,GHANSHYAM VVN,25,0,0,18,210,,LABOUR-3AH550 FABRICATION WITH SR- JW,5250,945,6195,LABOUR
19,M045,3AH550 GBODY BORING JW,LABOUR,NA,1,Nos,0,0,0,0,GHANSHYAM VVN,12000,0,0,18,1,,LABOUR-3AH550 GBODY BORING JW,12000,2160,14160,LABOUR
20,M045,MT-3AH 550-IP-14-03-A2 ,ROUND,EN-24,1,KGS,60,630,0,0,STOCK,85,0,0,18,13.97,,MT-ROUND Ø 60 X 630 mm Long,1187.5248,213.754464,1401.279264,60
21,M045,MT-3AH 550-G1-85-03-A3,ROUND,EN-9,1,KGS,210,60,0,0,KRUSHNA STEEL TRADERS,75,0,0,18,16.3,28,MT-ROUND Ø 210 X 60 mm Long,1222.452,220.04136,1442.49336,210
22,M045,MT-3AH 550-FIP-20-04-A4,ROUND,EN-24,1,KGS,90,340,0,0,KRUSHNA STEEL TRADERS,85,0,0,18,16.96,28,MT-ROUND Ø 90 X 340 mm Long,1441.9944,259.558992,1701.553392,90
23,M045,MT-3AH 550-G2-79-04-A5,ROUND,EN-9,1,KGS,295,80,0,0,STOCK,85,0,0,18,42.89,,MT-ROUND Ø 295 X 80 mm Long,3645.3032,656.154576,4301.457776,295
24,M045,MT-3AH 550-SIP-18-06-A6,ROUND,EN-24,1,KGS,125,340,0,0,STOCK,85,0,0,18,32.73,,MT-ROUND Ø 125 X 340 mm Long,2781.625,500.6925,3282.3175,125
25,M045,MT-3AH550-G3-81-06-A7,ROUND,EN-9,1,KGS,415,110,0,0,STOCK,85,0,0,18,116.7,,MT-ROUND Ø 415 X 110 mm Long,9919.4711,1785.504798,11704.9759,415
26,M045,MT-3AH 550-OP-A8,ROUND,EN-9,1,KGS,125,550,140,0,KRUSHNA STEEL TRADERS,85,0,0,18,52.94,28,MT-ROUND Ø 125 X 550 mm Long,4499.6875,809.94375,5309.63125,125
27,M045,MT-SP-92-70-41 LG,PIPE,STD,1,KGS,92,41,0,70,UNKNOWN,100,0,0,18,0.9,29,MT-PIPE OD Ø92 X ID Ø 70 X 41 THK,90.012384,16.20222912,106.2146131,92
28,M045,MT-SP-60-48-46 LG,PIPE,STD,1,KGS,60,46,0,48,UNKNOWN,100,0,0,18,0.37,29,MT-PIPE OD Ø60 X ID Ø 48 X 46 THK,36.723456,6.61022208,43.33367808,60
29,M045,MT-SP-120-95-28 LG,PIPE,STD,1,KGS,120,28,0,95,UNKNOWN,100,0,0,18,0.93,29,MT-PIPE OD Ø120 X ID Ø 95 X 28 THK,92.708,16.68744,109.39544,120
30,M045,BERING6308,BF,STD,2,Nos,6308,0,0,0,PATEL ENTERPRISE,225,0,0,18,2,26,STD- BF6308 X 0 MM LONG,450,81,531,BEARING6308
31,M045,BERING22209,BF,STD,2,Nos,22209,0,0,0,PATEL ENTERPRISE,375,0,0,18,2,26,STD- BF22209 X 0 MM LONG,750,135,885,BEARING22209
32,M045,BERING22212,BF,STD,2,Nos,22212,0,0,0,PATEL ENTERPRISE,1650,0,0,18,2,26,STD- 22212 X 0 MM LONG,3300,594,3894,BEARING22212
33,M045,BERING22218,BF,STD,2,Nos,22218,0,0,0,PATEL ENTERPRISE,1650,0,0,18,2,26,STD- BF22218 X 0 MM LONG,3300,594,3894,BEARING22218
34,M045,3AH550 IP TURNING JW,LABOUR,NA,1,Nos,0,0,0,0,UNKNOWN,400,0,0,18,1,,LABOUR-3AH550 IP TURNING JW,400,72,472,JW
35,M045,3AH550-FIP-TURNING JW,LABOUR,NA,1,Nos,0,0,0,0,UNKNOWN,350,0,0,18,1,,LABOUR-3AH550-FIP-TURNING JW,350,63,413,JW
36,M045,3AH550-SIP-TURNING JW,LABOUR,NA,1,Nos,0,0,0,0,UNKNOWN,400,0,0,18,1,,LABOUR-3AH550-SIP-TURNING JW,400,72,472,JW
37,M045,3AH550-G1-TURNING JW,LABOUR,NA,1,Nos,0,0,0,0,UNKNOWN,300,0,0,18,1,,LABOUR-3AH550-G1-TURNING JW,300,54,354,JW
38,M045,3AH550-G2-TURNING JW,LABOUR,NA,1,Nos,0,0,0,0,UNKNOWN,500,0,0,18,1,,LABOUR-3AH550-G2-TURNING JW,500,90,590,JW
39,M045,3AH550-G3-TURNING JW,LABOUR,NA,1,Nos,0,0,0,0,UNKNOWN,650,0,0,18,1,,LABOUR-3AH550-G3-TURNING JW,650,117,767,JW
40,M045,3AH550-OPS-TURNING JW,LABOUR,NA,1,Nos,0,0,0,0,UNKNOWN,400,0,0,18,1,,LABOUR-3AH550-OPS-TURNING JW,400,72,472,JW
41,M045,3AH550 IP MILLING JW,LABOUR,NA,1,Nos,0,0,0,0,UNKNOWN,100,0,0,18,1,,LABOUR-3AH550 IP MILLING JW,100,18,118,JW
42,M045,3AH550-FIP-MILLING JW,LABOUR,NA,1,Nos,0,0,0,0,UNKNOWN,80,0,0,18,1,,LABOUR-3AH550-FIP-MILLING JW,80,14.4,94.4,JW
43,M045,3AH550-SIP-MILLING JW,LABOUR,NA,1,Nos,0,0,0,0,UNKNOWN,80,0,0,18,1,,LABOUR-3AH550-SIP-MILLING JW,80,14.4,94.4,JW
44,M045,3AH550-G1-SLOTTING JW,LABOUR,NA,1,Nos,0,0,0,0,UNKNOWN,80,0,0,18,1,,LABOUR-3AH550-G1-SLOTTING JW,80,14.4,94.4,JW
45,M045,3AH550-G2-SLOTTING JW,LABOUR,NA,1,Nos,0,0,0,0,UNKNOWN,80,0,0,18,1,,LABOUR-3AH550-G2-SLOTTING JW,80,14.4,94.4,JW
46,M045,3AH550-G3-SLOTTING JW,LABOUR,NA,1,Nos,0,0,0,0,UNKNOWN,120,0,0,18,1,,LABOUR-3AH550-G3-SLOTTING JW,120,21.6,141.6,JW
47,M045,3AH550-OPS-MILLING JW,LABOUR,NA,1,Nos,0,0,0,0,UNKNOWN,100,0,0,18,1,,LABOUR-3AH550-OPS-MILLING JW,100,18,118,JW
48,M045,3AH550 IP HEAT TREATMENT JW,LABOUR,NA,10,KGS,0,0,0,0,UNKNOWN,20,0,0,18,10,,LABOUR-3AH550 IP HEAT TREATMENT JW,200,36,236,JW
49,M045,3AH550-FIP-HEAT TREATMENT JW,LABOUR,NA,18,KGS,0,0,0,0,UNKNOWN,20,0,0,18,18,,LABOUR-3AH550-FIP-HEAT TREATMENT JW,360,64.8,424.8,JW
50,M045,3AH550-SIP-HEAT TREATMENT JW,LABOUR,NA,34,Nos,0,0,0,0,UNKNOWN,20,0,0,18,34,,LABOUR-3AH550-SIP-HEAT TREATMENT JW,680,122.4,802.4,JW
51,M045,3AH550-G1-HEAT TREATMENT JW,LABOUR,NA,26,Nos,0,0,0,0,UNKNOWN,20,0,0,18,26,,LABOUR-3AH550-G1-HEAT TREATMENT JW,520,93.6,613.6,JW
52,M045,3AH550-G2-HEAT TREATMENT JW,LABOUR,NA,53,Nos,0,0,0,0,UNKNOWN,20,0,0,18,53,,LABOUR-3AH550-G2-HEAT TREATMENT JW,1060,190.8,1250.8,JW
53,M045,3AH550-G3-HEAT TREATMENT JW,LABOUR,NA,185,Nos,0,0,0,0,UNKNOWN,20,0,0,18,185,,LABOUR-3AH550-G3-HEAT TREATMENT JW,3700,666,4366,JW
54,M045,3AH550-OPS-HEAT TREATMENT JW,LABOUR,NA,70,Nos,0,0,0,0,UNKNOWN,20,0,0,18,70,,LABOUR-3AH550-OPS-HEAT TREATMENT JW,1400,252,1652,JW
55,M045,3AH550 IP TEETH CUTTING JW,LABOUR,NA,1,Nos,0,0,0,0,UNKNOWN,275,0,0,18,1,,LABOUR-3AH550 IP TEETH CUTTING JW,275,49.5,324.5,JW
56,M045,3AH550-FIP-TEETH CUTTING JW,LABOUR,NA,1,Nos,0,0,0,0,UNKNOWN,438,0,0,18,1,,LABOUR-3AH550-FIP-TEETH CUTTING JW,438,78.84,516.84,JW
57,M045,3AH550-SIP-TEETH CUTTING JW,LABOUR,NA,1,Nos,0,0,0,0,UNKNOWN,622,0,0,18,1,,LABOUR-3AH550-SIP-TEETH CUTTING JW,622,111.96,733.96,JW
58,M045,3AH550-G1-TEETH CUTTING JW,LABOUR,NA,1,Nos,0,0,0,0,UNKNOWN,558,0,0,18,1,,LABOUR-3AH550-G1-TEETH CUTTING JW,558,100.44,658.44,JW
59,M045,3AH550-G2-TEETH CUTTING JW,LABOUR,NA,1,Nos,0,0,0,0,UNKNOWN,1178,0,0,18,1,,LABOUR-3AH550-G2-TEETH CUTTING JW,1178,212.04,1390.04,JW
60,M045,3AH550-G3-TEETH CUTTING JW,LABOUR,NA,1,Nos,0,0,0,0,UNKNOWN,2350,0,0,18,1,,LABOUR-3AH550-G3-TEETH CUTTING JW,2350,423,2773,JW
61,M045,3AH550-OPS-TEETH CUTTING JW,LABOUR,NA,1,Nos,0,0,0,0,UNKNOWN,486,0,0,18,1,,LABOUR-3AH550-OPS-TEETH CUTTING JW,486,87.48,573.48,JW
62,M045,3AH550 IP GRINDING JW,LABOUR,NA,1,Nos,0,0,0,0,UNKNOWN,100,0,0,18,1,,LABOUR-3AH550 IP GRINDING JW,100,18,118,JW
63,M045,3AH550-FIP-GRINDING JW,LABOUR,NA,1,Nos,0,0,0,0,UNKNOWN,100,0,0,18,1,,LABOUR-3AH550-FIP-GRINDING JW,100,18,118,JW
64,M045,3AH550-SIP-GRINDING JW,LABOUR,NA,1,Nos,0,0,0,0,UNKNOWN,100,0,0,18,1,,LABOUR-3AH550-SIP-GRINDING JW,100,18,118,JW
65,M045,MT-3AH550-BF COVER-IP DS,ROUND,STD,2,KGS,150,20,0,0,UNKNOWN,70,0,0,18,5.54,29,MT-ROUND Ø 150 X 20 mm Long,388.08,69.8544,457.9344,150
66,M045,MT-3AH550-BF COVER-IP DS,ROUND,STD,2,KGS,150,3.15,0,0,UNKNOWN,70,0,0,18,0.87,29,MT-ROUND Ø 150 X 3.15 mm Long,61.1226,11.002068,72.124668,150
67,M045,MT-3AH550-BF COVER FIP,ROUND,STD,2,KGS,140,12,0,0,UNKNOWN,70,0,0,18,2.9,29,MT-ROUND Ø 140 X 12 mm Long,202.83648,36.5105664,239.3470464,140
68,M045,MT-3AH550-BF COVER SIP,ROUND,STD,2,KGS,180,12,0,0,UNKNOWN,70,0,0,18,4.79,29,MT-ROUND Ø 180 X 12 mm Long,335.30112,60.3542016,395.6553216,180
69,M045,MT-3AH550-BF COVER OPS,ROUND,STD,1,KGS,230,12,0,0,UNKNOWN,70,0,0,18,3.91,29,MT-ROUND Ø 230 X 12 mm Long,273.72576,49.2706368,322.9963968,230
70,M045,MT-3AH550-BF COVER OPS,ROUND,STD,1,KGS,230,20,0,0,UNKNOWN,70,0,0,18,6.52,29,MT-ROUND Ø 230 X 20 mm Long,456.2096,82.117728,538.327328,230
71,M045,MT-3AH550-BF COVER OPS,ROUND,STD,1,KGS,230,3.15,0,0,UNKNOWN,70,0,0,18,1.03,29,MT-ROUND Ø 230 X 3.15 mm Long,71.853012,12.93354216,84.78655416,230
73,M045,3AH550-BF COVER-TURNING,LABOUR,NA,1,Nos,0,0,0,0,UNKNOWN,100,0,0,18,1,,LABOUR-3AH550-BF COVER-TURNING,100,18,118,
74,M045,3AH550-BF COVER-TURNING,LABOUR,NA,1,Nos,0,0,0,0,UNKNOWN,100,0,0,18,1,,LABOUR-3AH550-BF COVER-TURNING,100,18,118,JW
75,M045,3AH550-BF COVER-TURNING,LABOUR,NA,1,Nos,0,0,0,0,UNKNOWN,100,0,0,18,1,,LABOUR-3AH550-BF COVER-TURNING,100,18,118,JW
76,M045,3AH550-BF COVER-TURNING,LABOUR,NA,1,Nos,0,0,0,0,UNKNOWN,100,0,0,18,1,,LABOUR-3AH550-BF COVER-TURNING,100,18,118,JW
77,M045,3AH550-BF COVER-TURNING,LABOUR,NA,1,Nos,0,0,0,0,UNKNOWN,100,0,0,18,1,,LABOUR-3AH550-BF COVER-TURNING,100,18,118,JW
78,M045,3AH550-BF COVER-TURNING,LABOUR,NA,1,Nos,0,0,0,0,UNKNOWN,100,0,0,18,1,,LABOUR-3AH550-BF COVER-TURNING,100,18,118,JW
79,M045,3AH550-BF COVER-TURNING,LABOUR,NA,1,Nos,0,0,0,0,UNKNOWN,100,0,0,18,1,,LABOUR-3AH550-BF COVER-TURNING,100,18,118,JW
80,M045,3AH550-BF COVER-TURNING,LABOUR,NA,1,Nos,0,0,0,0,UNKNOWN,100,0,0,18,1,,LABOUR-3AH550-BF COVER-TURNING,100,18,118,JW
81,M045,BF 40 X 60 X 10BS,BF,STD,1,Nos,406010,0,0,0,PATEL ENTERPRISE,100,0,0,18,1,26,OILSEAL40X60X10,100,18,118,JW
82,M045,BF 90 X 120 X 12 ,BF,STD,1,Nos,9012012,0,0,0,STOCK,100,0,0,18,1,26,OILSEAL90X120X12,100,18,118,OILSEAL40X60X10
83,M045,KEY 12X8X88L,BF,STD,1,Nos,12,88,0,0,UNKNOWN,25,0,0,18,1,,KEY 12X8,25,4.5,29.5,OILSEAL90X120X12
84,M045,KEY 12X8X60L,BF,STD,1,Nos,12,60,0,0,UNKNOWN,25,0,0,18,1,,KEY 12X8,25,4.5,29.5,KEY 12X8
85,M045,KEY 18X11X55LG,BF,STD,1,Nos,25,55,0,0,UNKNOWN,25,0,0,18,1,,KEY 18X11,25,4.5,29.5,KEY 12X8
86,M045,KEY25X14X75LG,BF,STD,1,Nos,0,75,0,0,UNKNOWN,20,0,0,18,1,,KEY 25X14,20,3.6,23.6,KEY 18X11
87,M045,KEY36X20X140LG,BF,STD,1,Nos,0,140,0,0,UNKNOWN,20,0,0,18,1,,KEY 36X20,20,3.6,23.6,KEY 25X14
88,M045,"1/2"" B.S.P.PLUG",BF,STD,1,Nos,0,0,0,0,UNKNOWN,10,0,0,18,1,,PLUG1/2 BSP,10,1.8,11.8,KEY 36X20
89,M045,SILICON,BF,STD,1,Nos,0,0,0,0,UNKNOWN,90,0,0,18,1,,SILICON,90,16.2,106.2,PLUG1/2 BSP
90,M045,HEXBOLT12X30,BOLT,BOLT,36,Nos,12,60,0,0,UNKNOWN,90,0,0,18,4.22,,BOLT- M12 X 60 MM LONG,379.647844,68.33661191,447.9844559,SILICON
91,M045,SPRINGWASHER12,BF,STD,36,Nos,12,0,0,0,UNKNOWN,1,0,0,18,36,,SPWASHER-A12,36,6.48,42.48,M12
92,G047,PLATE THK 8 X 232 X 877 ,PLATE,NA,4,KGS,8,232,877,0,GHANSHYAM VVN,65,0,0,18,51.11,,MT-PLATE Thk 8 Thk  X 232 X 877 mm Long,3322.160192,597.9888346,3920.149027,SPWASHER-A12
93,G047,3AH 550-GBC-A1_2,PLATE,NA,1,KGS,8,242,1244,0,GHANSHYAM VVN,65,0,0,18,18.91,,MT-PLATE Thk 8 Thk  X 242 X 1244 mm Long,1228.877936,221.1980285,1450.075964,PLATE8
94,G047,3AH 550-GBC-A1_3,PLATE,NA,4,KGS,50,115,758,0,AMBIKA INDUSTRIES,65,0,0,18,136.86,,MT-PLATE Thk 50 Thk  X 115 X 758 mm Long,8895.6985,1601.22573,10496.92423,PLATE8
95,G047,3AH 550-GBC-A1_4,PLATE,NA,4,KGS,20,40,142,0,GHANSHYAM VVN,65,0,0,18,3.57,,MT-PLATE Thk 20 Thk  X 40 X 142 mm Long,231.8576,41.734368,273.591968,PLATE50
96,G047,3AH 550-GBC-A1_5,PLATE,NA,4,KGS,20,40,326,0,GHANSHYAM VVN,65,0,0,18,8.19,,MT-PLATE Thk 20 Thk  X 40 X 326 mm Long,532.2928,95.812704,628.105504,PLATE20
97,G047,3AH 550-GBC-A1_6,PLATE,NA,2,KGS,25,77,470,0,GHANSHYAM VVN,65,0,0,18,14.2,,MT-PLATE Thk 25 Thk  X 77 X 470 mm Long,923.297375,166.1935275,1089.490903,PLATE20
98,G047,3AH 550-GBC-A1_7,PLATE,NA,1,KGS,6,35,856,0,GHANSHYAM VVN,65,0,0,18,1.41,,MT-PLATE Thk 6 Thk  X 35 X 856 mm Long,91.72254,16.5100572,108.2325972,PLATE25
99,G047,3AH 550-GBC-A1_8,PLATE,NA,1,KGS,6,242,1175,0,GHANSHYAM VVN,65,0,0,18,13.39,,MT-PLATE Thk 6 Thk  X 242 X 1175 mm Long,870.537525,156.6967545,1027.23428,PLATE6
100,G047,C CHANNEL 75 X 9 LG,ISMC,NA,4,KGS,75,90,0,0,GHANSHYAM VVN,65,0,0,18,2.45,,MT-C CHANNEL 75 X 9 LG X 90 mm Long,159.12,28.6416,187.7616,PLATE6
101,G047,3AH 550-GBC-A1_10,ISMC,NA,4,KGS,75,80,,0,GHANSHYAM VVN,65,0,0,18,2.18,,MT-3AH 550-GBC-A1_10 X 80 mm Long,141.44,25.4592,166.8992,CH75
102,G047,3AH 550-GBC-A1_11,BF,STD,2,Nos,0,50,0,0,GHANSHYAM VVN,10,0,0,18,2,,DOWELPIN 10X50,20,3.6,23.6,CH75
103,G047,3AH 550-GBC-A1_12,BF,STD,16,NOS,16,0,0,0,GHANSHYAM VVN,5,0,0,18,16,,HEXBOLT-16X70,80,14.4,94.4,DOWELPIN 10X50
104,G047,3AH 550-GBC-A1_13,BF,STD,16,NOS,16,0,0,0,GHANSHYAM VVN,2.5,0,0,18,16,,HEXNUT-16,40,7.2,47.2,HEXBOLT-M16X70
105,G047,3AH 550-GBC-A1_14,BF,STD,16,NOS,16,0,0,0,GHANSHYAM VVN,1,0,0,18,16,,SPWASHER-A16,16,2.88,18.88,HEXNUT-M16
106,G047,3AH 550-GBC-A1_20_SILICON,BF,STD,1,NOS,0,0,0,0,GHANSHYAM VVN,90,0,0,18,1,,SILICON,90,16.2,106.2,SPWASHER-A16
107,G047,3AH 550-GBC-A1_23_STUD 16X200,ROUND,STD,8,KGS,16,200,0,0,GHANSHYAM VVN,65,0,0,18,2.52,,MT-ROUND Ø 16 X 200 mm Long,164.00384,29.5206912,193.5245312,SILICON
108,G047,3AH 550-GBC-A1_19_NUT 16,BF,STD,28,NOS,16,0,0,0,GHANSHYAM VVN,2.5,0,0,18,28,,HEXNUT-16,70,12.6,82.6,ROUND16
109,G047,3AH550 FABRICATION WITH SR- JW,LABOUR,NA,250,KGS,0,0,0,0,GHANSHYAM VVN,25,0,0,18,250,,LABOUR-3AH550 FABRICATION WITH SR- JW,6250,1125,7375,HEXNUT-M16
110,G047,3AH550 GBODY BORING JW,LABOUR,NA,1,Nos,0,0,0,0,GHANSHYAM VVN,12000,0,0,18,1,,LABOUR-3AH550 GBODY BORING JW,12000,2160,14160,JW
111,G047,3AH 550-IP-14-03-A2,ROUND,EN-24,1,KGS,55,613,0,0,HINDUSTAN ENTERPRISE,85,0,0,18,11.42,,MT-ROUND Ø 55 X 613 mm Long,970.92457,174.7664226,1145.690993,JW
112,G047,3AH 550-G1-85-03-A3,ROUND,EN-9,1,KGS,265,60,,0,HINDUSTAN ENTERPRISE,75,0,0,18,25.96,,MT-ROUND Ø 265EN X 60 mm Long,1946.637,350.39466,2297.03166,ROUND55
113,G047,3AH 550-FIP-20-04-A4,ROUND,EN-24,1,KGS,90,350,0,0,HINDUSTAN ENTERPRISE,85,0,0,18,17.46,,MT-ROUND Ø 90 X 350 mm Long,1484.406,267.19308,1751.59908,ROUND265EN
114,G047,3AH 550-G2-79-04-A5,ROUND,EN-9,1,KGS,330,80,0,0,HINDUSTAN ENTERPRISE,75,0,0,18,53.67,,MT-ROUND Ø 330 X 80 mm Long,4024.944,724.48992,4749.43392,ROUNDPIPE90
115,G047,3AH 550-SIP-18-06-A6,ROUND,EN-24,1,KGS,125,350,0,0,HINDUSTAN ENTERPRISE,85,0,0,18,33.69,,MT-ROUND Ø 125 X 350 mm Long,2863.4375,515.41875,3378.85625,ROUND330
116,G047,3AH550-G3-81-06-A7,ROUND,EN-9,1,KGS,500,120,0,0,HINDUSTAN ENTERPRISE,75,0,0,18,184.8,,MT-ROUND Ø 500 X 120 mm Long,13860,2494.8,16354.8,ROUND125
117,G047,3AH 550-OP-A8,ROUND,EN-9,1,KGS,140,576,140,0,HINDUSTAN ENTERPRISE,85,0,0,18,69.54,,MT-ROUND Ø 140 X 576 mm Long,5911.23456,1064.022221,6975.256781,ROUND500
118,G047,SP-73-61-35-A9,PIPE,STD,1,KGS,80,35,0,61,UNKNOWN,52,0,0,18,0.58,,MT-PIPE OD Ø80 X ID Ø 61 X 35 THK,30.0348048,5.406264864,35.44106966,ROUND140
119,G047,SP-100-85-30-A10,PIPE,STD,1,KGS,100,30,0,85,UNKNOWN,52,0,0,18,0.51,,MT-PIPE OD Ø100 X ID Ø 85 X 30 THK,26.66664,4.7999952,31.4666352,ROUNDPIPE80
120,G047,SP-141.3-115-10-A11,PIPE,STD,1,KGS,140,10,0,115,UNKNOWN,52,0,0,18,0.39,,MT-PIPE OD Ø140 X ID Ø 115 X 10 THK,20.4204,3.675672,24.096072,ROUNDPIPE100
121,G047,BERING6309,BF,STD,2,Nos,6309,0,0,0,UNKNOWN,0,0,0,18,2,,STD- 6309 X 0 MM LONG,0,0,0,ROUNDPIPE140
122,G047,BERING22212,BF,STD,2,Nos,22212,0,0,0,UNKNOWN,920,0,0,18,2,,STD- 22212 X 0 MM LONG,1840,331.2,2171.2,BEARING6309
123,G047,BERING22216,BF,STD,2,Nos,22216,0,0,0,UNKNOWN,1700,0,0,18,2,,STD- 22216 X 0 MM LONG,3400,612,4012,BEARING22212
124,G047,BERING22222,BF,STD,2,Nos,22222,0,0,0,UNKNOWN,2400,0,0,18,2,,STD- 22222 X 0 MM LONG,4800,864,5664,BEARING22216
125,G047,3AH550 IP TURNING JW,LABOUR,NA,1,Nos,0,0,0,0,UNKNOWN,400,0,0,18,1,,LABOUR-3AH550 IP TURNING JW,400,72,472,BEARING22222
126,G047,3AH550-FIP-TURNING JW,LABOUR,NA,1,Nos,0,0,0,0,UNKNOWN,350,0,0,18,1,,LABOUR-3AH550-FIP-TURNING JW,350,63,413,JW
127,G047,3AH550-SIP-TURNING JW,LABOUR,NA,1,Nos,0,0,0,0,UNKNOWN,400,0,0,18,1,,LABOUR-3AH550-SIP-TURNING JW,400,72,472,JW
128,G047,3AH550-G1-TURNING JW,LABOUR,NA,1,Nos,0,0,0,0,UNKNOWN,300,0,0,18,1,,LABOUR-3AH550-G1-TURNING JW,300,54,354,JW
129,G047,3AH550-G2-TURNING JW,LABOUR,NA,1,Nos,0,0,0,0,UNKNOWN,500,0,0,18,1,,LABOUR-3AH550-G2-TURNING JW,500,90,590,JW
130,G047,3AH550-G3-TURNING JW,LABOUR,NA,1,Nos,0,0,0,0,UNKNOWN,650,0,0,18,1,,LABOUR-3AH550-G3-TURNING JW,650,117,767,JW
131,G047,3AH550-OPS-TURNING JW,LABOUR,NA,1,Nos,0,0,0,0,UNKNOWN,400,0,0,18,1,,LABOUR-3AH550-OPS-TURNING JW,400,72,472,JW
132,G047,3AH550 IP MILLING JW,LABOUR,NA,1,Nos,0,0,0,0,UNKNOWN,100,0,0,18,1,,LABOUR-3AH550 IP MILLING JW,100,18,118,JW
133,G047,3AH550-FIP-MILLING JW,LABOUR,NA,1,Nos,0,0,0,0,UNKNOWN,80,0,0,18,1,,LABOUR-3AH550-FIP-MILLING JW,80,14.4,94.4,JW
134,G047,3AH550-SIP-MILLING JW,LABOUR,NA,1,Nos,0,0,0,0,UNKNOWN,80,0,0,18,1,,LABOUR-3AH550-SIP-MILLING JW,80,14.4,94.4,JW
135,G047,3AH550-G1-SLOTTING JW,LABOUR,NA,1,Nos,0,0,0,0,UNKNOWN,80,0,0,18,1,,LABOUR-3AH550-G1-SLOTTING JW,80,14.4,94.4,JW
136,G047,3AH550-G2-SLOTTING JW,LABOUR,NA,1,Nos,0,0,0,0,UNKNOWN,80,0,0,18,1,,LABOUR-3AH550-G2-SLOTTING JW,80,14.4,94.4,JW
137,G047,3AH550-G3-SLOTTING JW,LABOUR,NA,1,Nos,0,0,0,0,UNKNOWN,120,0,0,18,1,,LABOUR-3AH550-G3-SLOTTING JW,120,21.6,141.6,JW
138,G047,3AH550-OPS-MILLING JW,LABOUR,NA,1,Nos,0,0,0,0,UNKNOWN,100,0,0,18,1,,LABOUR-3AH550-OPS-MILLING JW,100,18,118,JW
139,G047,3AH550 IP HEAT TREATMENT JW,LABOUR,NA,10,KGS,0,0,0,0,UNKNOWN,20,0,0,18,10,,LABOUR-3AH550 IP HEAT TREATMENT JW,200,36,236,JW
140,G047,3AH550-FIP-HEAT TREATMENT JW,LABOUR,NA,18,KGS,0,0,0,0,UNKNOWN,20,0,0,18,18,,LABOUR-3AH550-FIP-HEAT TREATMENT JW,360,64.8,424.8,JW
141,G047,3AH550-SIP-HEAT TREATMENT JW,LABOUR,NA,34,Nos,0,0,0,0,UNKNOWN,20,0,0,18,34,,LABOUR-3AH550-SIP-HEAT TREATMENT JW,680,122.4,802.4,JW
142,G047,3AH550-G1-HEAT TREATMENT JW,LABOUR,NA,26,Nos,0,0,0,0,UNKNOWN,20,0,0,18,26,,LABOUR-3AH550-G1-HEAT TREATMENT JW,520,93.6,613.6,JW
143,G047,3AH550-G2-HEAT TREATMENT JW,LABOUR,NA,53,Nos,0,0,0,0,UNKNOWN,20,0,0,18,53,,LABOUR-3AH550-G2-HEAT TREATMENT JW,1060,190.8,1250.8,JW
144,G047,3AH550-G3-HEAT TREATMENT JW,LABOUR,NA,185,Nos,0,0,0,0,UNKNOWN,20,0,0,18,185,,LABOUR-3AH550-G3-HEAT TREATMENT JW,3700,666,4366,JW
145,G047,3AH550-OPS-HEAT TREATMENT JW,LABOUR,NA,70,Nos,0,0,0,0,UNKNOWN,20,0,0,18,70,,LABOUR-3AH550-OPS-HEAT TREATMENT JW,1400,252,1652,JW
146,G047,3AH550 IP TEETH CUTTING JW,LABOUR,NA,1,Nos,0,0,0,0,UNKNOWN,275,0,0,18,1,,LABOUR-3AH550 IP TEETH CUTTING JW,275,49.5,324.5,JW
147,G047,3AH550-FIP-TEETH CUTTING JW,LABOUR,NA,1,Nos,0,0,0,0,UNKNOWN,438,0,0,18,1,,LABOUR-3AH550-FIP-TEETH CUTTING JW,438,78.84,516.84,JW
148,G047,3AH550-SIP-TEETH CUTTING JW,LABOUR,NA,1,Nos,0,0,0,0,UNKNOWN,622,0,0,18,1,,LABOUR-3AH550-SIP-TEETH CUTTING JW,622,111.96,733.96,JW
149,G047,3AH550-G1-TEETH CUTTING JW,LABOUR,NA,1,Nos,0,0,0,0,UNKNOWN,558,0,0,18,1,,LABOUR-3AH550-G1-TEETH CUTTING JW,558,100.44,658.44,JW
150,G047,3AH550-G2-TEETH CUTTING JW,LABOUR,NA,1,Nos,0,0,0,0,UNKNOWN,1178,0,0,18,1,,LABOUR-3AH550-G2-TEETH CUTTING JW,1178,212.04,1390.04,JW
151,G047,3AH550-G3-TEETH CUTTING JW,LABOUR,NA,1,Nos,0,0,0,0,UNKNOWN,2350,0,0,18,1,,LABOUR-3AH550-G3-TEETH CUTTING JW,2350,423,2773,JW
152,G047,3AH550-OPS-TEETH CUTTING JW,LABOUR,NA,1,Nos,0,0,0,0,UNKNOWN,486,0,0,18,1,,LABOUR-3AH550-OPS-TEETH CUTTING JW,486,87.48,573.48,JW
153,G047,3AH550 IP GRINDING JW,LABOUR,NA,1,Nos,0,0,0,0,UNKNOWN,100,0,0,18,1,,LABOUR-3AH550 IP GRINDING JW,100,18,118,JW
154,G047,3AH550-FIP-GRINDING JW,LABOUR,NA,1,Nos,0,0,0,0,UNKNOWN,100,0,0,18,1,,LABOUR-3AH550-FIP-GRINDING JW,100,18,118,JW
155,G047,3AH550-SIP-GRINDING JW,LABOUR,NA,1,Nos,0,0,0,0,UNKNOWN,100,0,0,18,1,,LABOUR-3AH550-SIP-GRINDING JW,100,18,118,JW
156,G047,3AH550-BF COVER,ROUND,STD,1,KGS,160,18,160,0,UNKNOWN,50,0,0,18,2.84,,MT-ROUND Ø 160 X 18 mm Long,141.9264,25.546752,167.473152,JW
157,G047,3AH550-BF COVER,ROUND,STD,1,KGS,160,3.15,160,0,UNKNOWN,50,0,0,18,0.5,,MT-ROUND Ø 160 X 3.15 mm Long,24.83712,4.4706816,29.3078016,ROUND160
158,G047,3AH550-BF COVER,ROUND,STD,1,KGS,160,13,160,0,UNKNOWN,50,0,0,18,2.05,,MT-ROUND Ø 160 X 13 mm Long,102.5024,18.450432,120.952832,ROUND160
159,G047,3AH550-BF COVER,ROUND,STD,2,KGS,170,13,170,0,UNKNOWN,50,0,0,18,4.63,,MT-ROUND Ø 170 X 13 mm Long,231.4312,41.657616,273.088816,ROUND160
160,G047,3AH550-BF COVER,ROUND,STD,2,KGS,200,13,200,0,UNKNOWN,50,0,0,18,6.41,,MT-ROUND Ø 200 X 13 mm Long,320.32,57.6576,377.9776,ROUND170
161,G047,3AH550-BF COVER,ROUND,STD,1,KGS,260,23,260,0,UNKNOWN,50,0,0,18,9.58,,MT-ROUND Ø 260 X 23 mm Long,478.8784,86.198112,565.076512,ROUND200
162,G047,3AH550-BF COVER,ROUND,STD,1,KGS,260,3.15,260,0,UNKNOWN,50,0,0,18,1.31,,MT-ROUND Ø 260 X 3.15 mm Long,65.58552,11.8053936,77.3909136,ROUND260
163,G047,3AH550-BF COVER,ROUND,STD,1,KGS,260,13,260,0,UNKNOWN,50,0,0,18,5.41,,MT-ROUND Ø 260 X 13 mm Long,270.6704,48.720672,319.391072,ROUND260
164,G047,3AH550-BF COVER-TURNING,LABOUR,NA,1,Nos,0,0,0,0,UNKNOWN,100,0,0,18,1,,LABOUR-3AH550-BF COVER-TURNING,100,18,118,ROUND260
165,G047,3AH550-BF COVER-TURNING,LABOUR,NA,1,Nos,0,0,0,0,UNKNOWN,100,0,0,18,1,,LABOUR-3AH550-BF COVER-TURNING,100,18,118,JW
166,G047,3AH550-BF COVER-TURNING,LABOUR,NA,1,Nos,0,0,0,0,UNKNOWN,100,0,0,18,1,,LABOUR-3AH550-BF COVER-TURNING,100,18,118,JW
167,G047,3AH550-BF COVER-TURNING,LABOUR,NA,1,Nos,0,0,0,0,UNKNOWN,100,0,0,18,1,,LABOUR-3AH550-BF COVER-TURNING,100,18,118,JW
168,G047,3AH550-BF COVER-TURNING,LABOUR,NA,1,Nos,0,0,0,0,UNKNOWN,100,0,0,18,1,,LABOUR-3AH550-BF COVER-TURNING,100,18,118,JW
169,G047,3AH550-BF COVER-TURNING,LABOUR,NA,1,Nos,0,0,0,0,UNKNOWN,100,0,0,18,1,,LABOUR-3AH550-BF COVER-TURNING,100,18,118,JW
170,G047,3AH550-BF COVER-TURNING,LABOUR,NA,1,Nos,0,0,0,0,UNKNOWN,100,0,0,18,1,,LABOUR-3AH550-BF COVER-TURNING,100,18,118,JW
171,G047,3AH550-BF COVER-TURNING,LABOUR,NA,1,Nos,0,0,0,0,UNKNOWN,100,0,0,18,1,,LABOUR-3AH550-BF COVER-TURNING,100,18,118,JW
172,G047,BF 45X60X12BS,BF,STD,1,Nos,456012,0,0,0,UNKNOWN,100,0,0,18,1,,456012,100,18,118,JW
173,G047,BF 110X140X13 BS,BF,STD,1,Nos,11014013,0,0,0,UNKNOWN,100,0,0,18,1,,11014013,100,18,118,OILSEAL45X60X12
174,G047,KEY 12X8X88L,BF,STD,1,Nos,12,88,0,0,UNKNOWN,25,0,0,18,1,,KEY 12X8,25,4.5,29.5,OILSEAL110X140X13
175,G047,KEY 12X8X60L,BF,STD,1,Nos,12,60,0,0,UNKNOWN,25,0,0,18,1,,KEY 12X8,25,4.5,29.5,KEY 12X8
176,G047,KEY 18X11X55LG,BF,STD,1,Nos,25,55,0,0,UNKNOWN,25,0,0,18,1,,KEY 18X11,25,4.5,29.5,KEY 12X8
177,G047,KEY25X14X75LG,BF,STD,1,Nos,25,75,0,0,UNKNOWN,20,0,0,18,1,,KEY 25X14,20,3.6,23.6,KEY 18X11
178,G047,KEY36X20X140LG,BF,STD,1,Nos,36,140,0,0,UNKNOWN,20,0,0,18,1,,KEY 36X20,20,3.6,23.6,KEY 25X14
179,G047,"1/2"" B.S.P.PLUG",BF,STD,1,Nos,0,0,0,0,UNKNOWN,10,0,0,18,1,,PLUG1/2 BSP,10,1.8,11.8,KEY 36X20
180,G047,SILICON,BF,STD,1,Nos,0,0,0,0,UNKNOWN,90,0,0,18,1,,SILICON,90,16.2,106.2,PLUG1/2 BSP
181,G047,HEXBOLT12X30,BF,STD,36,Nos,12,0,0,0,UNKNOWN,2.5,0,0,18,36,,HEXBOLT-M12X30,90,16.2,106.2,SILICON
182,G047,SPRINGWASHER12,BF,STD,36,Nos,12,0,0,0,UNKNOWN,1,0,0,18,36,,SPWASHER-A12,36,6.48,42.48,HEXBOLT-M12X30
183,G048,MT DRIVE WHEEL ROUND WH-320-130-16-60LBS-A 320X130,ROUND,EN-9,4,KGS,200,157.5,0,0,HINDUSTAN ENTERPRISE,86,0,181,18,575.23,1,MT-ROUND Ø 385 X 157.5 mm Long,49650.91588,8937.164858,58588.08074,SPWASHER-A12
184,G048,MT DRIVE SHAF (DA-16-105-130-A),ROUND,EN-8,2,KGS,105,473,0,0,HINDUSTAN ENTERPRISE,70,0,0,18,64.25,1,MT-ROUND Ø 105 X 473 mm Long,4497.26508,809.5077144,5306.772794,ROUND385
185,G048,MT AXLE BOX (AB-140-16-A) QUT 08 NOS,BF,C.I.GR-20-IS:1030,101,KGS,0,0,0,0,SHREJI ALLOYS,75,0,0,18,101,,BF,7575,1363.5,8938.5,ROUND105
186,G048,BF COVER (BC-140-16-1-A),ROUND,MS,8,KGS,220,12,0,0,STOCK,40,0,0,18,28.62,,MT-ROUND Ø 220 X 12 mm Long,1144.87296,206.0771328,1350.950093,CASTING
187,G048,BF COVER (BC-140-16-2-A),ROUND,MS,2,KGS,220,12,0,0,STOCK,40,0,0,18,7.16,,MT-ROUND Ø 220 X 12 mm Long,286.21824,51.5192832,337.7375232,ROUND220
188,G048,BF COVER (BC-140-16-3-A),ROUND,MS,6,KGS,220,12,0,0,STOCK,40,0,0,18,21.47,,MT-ROUND Ø 220 X 12 mm Long,858.65472,154.5578496,1013.21257,ROUND220
189,G048,BF 22216,BF,BFS-22216,8,NOS,22216,0,0,0,PERMENT ENTERPRISES,2300,0,0,18,8,,BFS-22216- 22216 X 0 MM LONG,18400,3312,21712,ROUND220
190,G048,SPACER (WSP-16-23.5-A),PIPE,MS,4,NOS,100,25,0,80,GHANSHYAM VVN,55,0,0,18,2.22,,MT-PIPE OD Ø100 X ID Ø 80 X 25 THK,121.968,21.95424,143.92224,BEARING22216
191,G048,AXLE BOX KEY (AB-KEY-140-A) (33*14*235 L),BF,MS,8,NOS,33,235,33,,,55,0,0,18,8,,KEY 33X14,440,79.2,519.2,ROUNDPIPE100
192,G048,PARALLEL KEY,BF,KEY 25X14,4,NOS,25,120,,,,50,0,0,18,4,,KEY 25X14,200,36,236,KEY 33X14
193,G048,PARALLEL KEY,BF,KEY 12X8,4,NOS,12,130,,,,50,0,0,18,4,,KEY 12X8,200,36,236,KEY 25X14
194,G048,"GRESE NIPPLE 1/4"" BSP",BF,"1/4"" BSP",8,NOS,0,,,,,15,0,0,18,8,,"GRESE NIPPLE 1/4"" BSP",120,21.6,141.6,KEY 12X8
195,G048,BOLT 16X100 N ,BF,BOLT,16,NOS,16,,,,,10,0,0,18,16,,HEXBOLT-16X100,160,28.8,188.8,"GRESE NIPPLE 1/4"" BSP"
196,G048,A16 SPRING WASHER,BF,SPRING WASHER,16,NOS,16,,,,,5,0,0,18,16,,SPWASHER-A16,80,14.4,94.4,HEXBOLT-M16X100
197,G048,BOLT M8X60,BF,BOLT,40,NOS,8,,,,,8,0,0,18,40,,HEXBOLT-M8X60,320,57.6,377.6,SPWASHER-A16
198,G048,TURNING DRIVE WHEEL,LABOUR,0,4,NOS,0,0,0,0,PRFULKAKA,750,0,0,12,4,,LABOUR-TURNING DRIVE WHEEL,3000,360,3360,HEXBOLT-M8X60
199,G048,HEATTREATMENT OF DRIVE WHEEL,LABOUR,0,350,KGS,0,0,0,0,UNKNOWN,18,0,0,18,350,,LABOUR-HEATTREATMENT OF DRIVE WHEEL,6300,1134,7434,LABOUR
200,G048,KEY WAY JOB WORK IN WHEEL,LABOUR,0,4,NOS,0,0,0,0,SHIV SHATI ENGINEERING,250,0,0,18,4,,LABOUR-KEY WAY JOB WORK IN WHEEL,1000,180,1180,LABOUR
201,G048,TURNINING JOB WORK OF DRIVE SHAFT,LABOUR,0,2,NOS,0,0,0,0,PRFULKAKA,675,0,0,12,2,,LABOUR-TURNINING JOB WORK OF DRIVE SHAFT,1350,162,1512,LABOUR
202,G048,HEATTREATMENT OF DRIVE SHAFT,LABOUR,0,36,KGS,0,0,0,0,CASH,1,0,0,18,36,,LABOUR-HEATTREATMENT OF DRIVE SHAFT,36,6.48,42.48,LABOUR
203,G048,KEYWAY JOB WORK OF DRIVE SHAFT,LABOUR,0,2,NOS,0,0,0,0,MARUTI ENGINEERING WORKS-VISHAL MILLING,200,0,0,18,2,,LABOUR-KEYWAY JOB WORK OF DRIVE SHAFT,400,72,472,LABOUR
204,G048,AXLE BOX TURNING JOB WORK,LABOUR,0,8,NOS,0,0,0,0,MATRIX INDUSTRIES,250,0,0,18,8,,LABOUR-AXLE BOX TURNING JOB WORK,2000,360,2360,LABOUR
205,G048,AXLE BOX SHAPPING JOB WORK,LABOUR,0,8,NOS,0,0,0,0,MATRIX INDUSTRIES,250,0,0,18,8,,LABOUR-AXLE BOX SHAPPING JOB WORK,2000,360,2360,LABOUR
206,G048,AXLE BOX DRILLING OB WORK,LABOUR,0,8,NOS,0,0,0,0,MATRIX INDUSTRIES,75,0,0,18,8,,LABOUR-AXLE BOX DRILLING OB WORK,600,108,708,LABOUR
207,G048,BF COVER TURNING JOB WORRK,LABOUR,0,16,NOS,0,0,0,0,GHANSHYAM VVN,100,0,0,18,16,,LABOUR-BF COVER TURNING JOB WORRK,1600,288,1888,LABOUR
208,G048,BF COVER DRILLING JOB WORK,LABOUR,0,16,NOS,0,0,0,0,GHANSHYAM VVN,50,0,0,18,16,,LABOUR-BF COVER DRILLING JOB WORK,800,144,944,LABOUR
209,G048,SPACER TURNING JOB WORK,LABOUR,0,4,NOS,0,0,0,0,UNKNOWN,100,0,0,18,4,,LABOUR-SPACER TURNING JOB WORK,400,72,472,LABOUR
210,G048,TURNINING JOB WORK OF IDLE SHAFT,LABOUR,0,2,NOS,0,0,0,0,PRFULKAKA,300,0,0,12,2,,LABOUR-TURNINING JOB WORK OF IDLE SHAFT,600,72,672,LABOUR
211,G048,HEATTREATMENT OF IDLE SHAFT,LABOUR,0,28,KGS,0,0,0,0,UNKNOWN,18,0,0,18,28,,LABOUR-HEATTREATMENT OF IDLE SHAFT,504,90.72,594.72,LABOUR
212,G048,KEYWAY JOB WORK OF IDLE SHAFT,LABOUR,0,2,NOS,0,0,0,0,UNKNOWN,100,0,0,18,2,,LABOUR-KEYWAY JOB WORK OF IDLE SHAFT,200,36,236,LABOUR
213,G048,IDLE SHAFT MT,ROUND,EN-8,2,Nos,105,263,0,0,HINDUSTAN ENTERPRISE,70,0,0,18,35.72,1,MT-ROUND Ø 105 X 263 mm Long,2500.59348,450.1068264,2950.700306,LABOUR
214,G048,PATO FOR KEY 16X40X12000,PLATE,NA,2,Nos,16,40,5000,0,GOKULESH STEEL PVT LTD,37,0,0,18,50.24,,MT-PLATE Thk 16 Thk  X 40 X 5000 mm Long,1858.88,334.5984,2193.4784,ROUND105
215,G049,IP  MT (Ø 55*840 L),ROUND,EN-24,1,KGS,60,666,0,0,HINDUSTAN ENTERPRISE,88,0,0,18,14.77,1,MT-ROUND Ø 60 X 666 mm Long,1299.691008,233.9443814,1533.635389,PLATETHK16
216,G049,IP TURNING,LABOUR,NA,1,Nos,0,0,0,0,PRAFULKAKA,900,0,0,18,1,5,LABOUR-IP TURNING,900,162,1062,ROUND60
217,G049,IP MILLING,LABOUR,NA,1,NOS,0,0,0,0,BAHUCHAR ENGINEERING WORKS,160,0,0,,1,,LABOUR-IP MILLING,160,0,160,LABOUR
218,G049,IP GRINDING,LABOUR,,1,,,,,,,,0,0,,1,,LABOUR-IP GRINDING,0,0,0,LABOUR
219,G049,IP TEETH CUTTING14TX3M,LABOUR,NA,1,NOS,0,0,0,0,MANAV INDUSTRIES-BHARATBHAI,350,0,0,18,1,2,LABOUR-IP TEETH CUTTING14TX3M,350,63,413,
220,G049,IP HARDNING,LABOUR,,1,,,,,,,,0,0,,1,,LABOUR-IP HARDNING,0,0,0,LABOUR
221,G049,FIP  MT (Ø 90 X 350 L),ROUND,EN-24,1,KGS,100,356,0,0,HINDUSTAN ENTERPRISE,88,0,0,18,21.93,1,MT-ROUND Ø 100 X 356 mm Long,1929.8048,347.364864,2277.169664,
222,G049,FIP TURNING,LABOUR,,1,Nos,0,0,0,0,PRAFULKAKA,475,0,0,,1,5,LABOUR-FIP TURNING,475,0,475,ROUND100
223,G049,FIP MILLING,LABOUR,NA,1,NOS,0,0,0,0,BAHUCHAR ENGINEERING WORKS,70,0,0,,1,,LABOUR-FIP MILLING,70,0,70,LABOUR
224,G049,FIP GRINDING,LABOUR,,1,,,,,,,,0,0,,1,,LABOUR-FIP GRINDING,0,0,0,LABOUR
225,G049,FIP TEETH CUTTING 20TX4M,LABOUR,NA,1,NOS,0,0,0,0,MANAV INDUSTRIES-BHARATBHAI,510,0,0,18,1,2,LABOUR-FIP TEETH CUTTING 20TX4M,510,91.8,601.8,
226,G049,FIP HARDNING,LABOUR,,1,,,,,,,,0,0,,1,,LABOUR-FIP HARDNING,0,0,0,LABOUR
227,G049,SIP  MT (Ø 122 X 360 L),ROUND,EN-24,1,KGS,130,357,0,0,HINDUSTAN ENTERPRISE,90,0,0,18,37.17,1,MT-ROUND Ø 130 X 357 mm Long,3344.86152,602.0750736,3946.936594,
228,G049,SIP TURNING,LABOUR,,1,Nos,0,0,0,0,PRAFULKAKA,510,0,0,,1,5,LABOUR-SIP TURNING,510,0,510,ROUND130
229,G049,SIP MILLING,LABOUR,NA,1,NOS,0,0,0,0,BAHUCHAR ENGINEERING WORKS,100,0,0,,1,,LABOUR-SIP MILLING,100,0,100,LABOUR
230,G049,SIP GRINDING,LABOUR,,1,,,,,,,,0,0,,1,,LABOUR-SIP GRINDING,0,0,0,LABOUR
231,G049,SIP TEETH CUTTING 18T*6M,LABOUR,NA,1,NOS,0,0,0,0,MANAV INDUSTRIES-BHARATBHAI,1150,0,0,,1,2,LABOUR-SIP TEETH CUTTING 18T*6M,1150,0,1150,
232,G049,SIP HARDNING,LABOUR,,1,,,,,,,,0,0,,1,,LABOUR-SIP HARDNING,0,0,0,LABOUR
233,G049,GEAR-1  MT (Ø263 X 60L),ROUND,EN-9,1,KGS,280,91,0,0,HINDUSTAN ENTERPRISE,76,0,0,18,43.95,1,MT-ROUND Ø 280 X 91 mm Long,3340.040704,601.2073267,3941.248031,
234,G049,GEAR-1 TURNING,LABOUR,,1,Nos,0,0,0,0,PRAFULKAKA,380,0,0,,1,5,LABOUR-GEAR-1 TURNING,380,0,380,ROUND280
235,G049,GEAR-1 SLOTTING,LABOUR,,1,,,,,,,,0,0,,1,,LABOUR-GEAR-1 SLOTTING,0,0,0,LABOUR
236,G049,GEAR-1 GRINDING,LABOUR,,1,,,,,,,,0,0,,1,,LABOUR-GEAR-1 GRINDING,0,0,0,
237,G049,GEAR-1 TEETH CUTTING 85T*3M,LABOUR,NA,1,NOS,0,0,0,0,MANAV INDUSTRIES-BHARATBHAI,950,0,0,18,1,2,LABOUR-GEAR-1 TEETH CUTTING 85T*3M,950,171,1121,
238,G049,GEAR-1 HARDNING,LABOUR,,1,,,,,,,,0,0,,1,,LABOUR-GEAR-1 HARDNING,0,0,0,LABOUR
239,G049,GEAR-2  MT (Ø328 X 80 L),ROUND,EN-9,1,KGS,340,98,0,0,HINDUSTAN ENTERPRISE,85,0,0,18,69.79,1,MT-ROUND Ø 340 X 98 mm Long,5931.75968,1067.716742,6999.476422,
240,G049,GEAR-2 TURNING,LABOUR,,1,Nos,0,0,0,0,PRAFULKAKA,475,0,0,,1,5,LABOUR-GEAR-2 TURNING,475,0,475,ROUND340
241,G049,GEAR-2 SLOTTING,LABOUR,,1,,,,,,,,0,0,,1,,LABOUR-GEAR-2 SLOTTING,0,0,0,LABOUR
242,G049,GEAR-2 GRINDING,LABOUR,,1,,,,,,,,0,0,,1,,LABOUR-GEAR-2 GRINDING,0,0,0,
243,G049,GEAR-2 TEETH CUTTING 79T*4M,LABOUR,NA,1,NOS,0,0,0,0,MANAV INDUSTRIES-BHARATBHAI,1500,0,0,18,1,2,LABOUR-GEAR-2 TEETH CUTTING 79T*4M,1500,270,1770,
244,G049,GEAR-2 HARDNING,LABOUR,,1,,,,,,,,0,0,,1,,LABOUR-GEAR-2 HARDNING,0,0,0,LABOUR
245,G049,GEAR-3  MT (Ø503 X 120 L),ROUND,EN-9,1,KGS,530,150,0,0,HINDUSTAN ENTERPRISE,86,0,0,18,259.55,1,MT-ROUND Ø 530 X 150 mm Long,22321.4376,4017.858768,26339.29637,
246,G049,GEAR-3 TURNING,LABOUR,,1,Nos,0,0,0,0,PRAFULKAKA,750,0,0,,1,5,LABOUR-GEAR-3 TURNING,750,0,750,ROUND530
247,G049,GEAR-3 SLOTTING,LABOUR,,1,,,,,,,,0,0,,1,,LABOUR-GEAR-3 SLOTTING,0,0,0,LABOUR
248,G049,GEAR-3 GRINDING,LABOUR,,1,,,,,,,,0,0,,1,,LABOUR-GEAR-3 GRINDING,0,0,0,
249,G049,GEAR-3 TEETH CUTTING 81T*6M,LABOUR,NA,1,NOS,0,0,0,0,MANAV INDUSTRIES-BHARATBHAI,3500,0,0,18,1,2,LABOUR-GEAR-3 TEETH CUTTING 81T*6M,3500,630,4130,
250,G049,GEAR-3 HARDNING,LABOUR,,1,,,,,,,,0,0,,1,,LABOUR-GEAR-3 HARDNING,0,0,0,LABOUR
251,G049,OPS  MT (Ø140 X 576 L),ROUND,EN-9,1,KGS,150,586,0,0,HINDUSTAN ENTERPRISE,72,0,0,18,81.22,1,MT-ROUND Ø 150 X 586 mm Long,5847.8112,1052.606016,6900.417216,
252,G049,OPS TURNING,LABOUR,,1,Nos,0,0,0,0,PRAFULKAKA,850,0,0,,1,5,LABOUR-OPS TURNING,850,0,850,ROUND150
253,G049,OPS MILLING,LABOUR,NA,1,NOS,0,0,0,0,BAHUCHAR ENGINEERING WORKS,200,0,0,,1,,LABOUR-OPS MILLING,200,0,200,LABOUR
254,G049,OPS GRINDING,LABOUR,,1,,,,,,,,0,0,,1,,LABOUR-OPS GRINDING,0,0,0,LABOUR
255,G049,OPS TEETH CUTTING 24T*4M*90F,LABOUR,NA,1,NOS,0,0,0,0,MANAV INDUSTRIES-BHARATBHAI,1500,0,0,18,1,2,LABOUR-OPS TEETH CUTTING 24T*4M*90F,1500,270,1770,
256,G049,OPS HARDNING,LABOUR,,1,,,,,,,,0,0,,1,,LABOUR-OPS HARDNING,0,0,0,LABOUR
257,G049,BF  6309 (45*100*25),BF,NA,2,NOS,6309,0,0,0,PATEL ENTERPRISE,1,0,0,18,2,4,NA- 6309 X 0 MM LONG,2,0.36,2.36,
258,G049,BF   45 X 60 X 10 BS,BF,NA,1,NOS,456010,0,0,0,PATEL ENTERPRISE,1,0,0,18,1,4,456010,1,0.18,1.18,BEARING6309
259,G049,11014013,BF,NA,1,NOS,11014013,0,0,0,PATEL ENTERPRISE,1,0,0,18,1,4,11014013,1,0.18,1.18,OILSEAL45X60X10
260,G049,SP WSHER 650-1 - A12,BF,STD,36,NOS,12,0,0,0,ADISHWAR HARDWARE & TOOLS,8,0,0,18,36,,SPWASHER-A12,288,51.84,339.84,OILSEAL110X140X13
261,G049,PLUG 1/2 BSP 650 - 1/2 BSP,BF,STD,1,NOS,0,0,0,0,CASH,50,0,0,,1,,PLUG1/2 BSP,50,0,50,SPWASHER-A12
262,G049,HAX SCREW 650 1 - M12 X 30 LG,BOLT,BOLT,36,NOS,12,40,0,0,ADISHWAR HARDWARE & TOOLS,90,0,0,18,2.81,,BOLT- M12 X 40 MM LONG,253.0985626,45.55774127,298.6563039,PLUG1/2 BSP
263,G049,BF 22212 C  ( 60 X 110 X 28),BF,NA,2,NOS,222212,0,0,0,PATEL ENTERPRISE,1,0,0,18,2,4,NA- BF222212 X 0 MM LONG,2,0.36,2.36,M12
264,G049,BF 22216 C ( 80 X 140 X 33),BF,NA,2,NOS,22216,0,0,0,PATEL ENTERPRISE,1,0,0,18,2,4,NA- 22216 X 0 MM LONG,2,0.36,2.36,BEARING222212
265,G049,BF 22222 C ( 110 X 200 X 53),BF,,2,NOS,22222,0,0,0,PATEL ENTERPRISE,1,0,0,18,2,4,- 22222 X 0 MM LONG,2,0.36,2.36,BEARING22216
266,G049,KEY  650_1 - 12*8*60 LG,BF,STD,1,NOS,12,0,0,0,ADISHWAR HARDWARE & TOOLS,25,0,0,,1,,KEY 12X8,25,0,25,BEARING22222
267,G049,KEY 650_2 - 18*11*55 LG,BF,STD,1,NOS,25,0,0,0,ADISHWAR HARDWARE & TOOLS,25,0,0,,1,,KEY 18X11,25,0,25,KEY 12X8
268,G049,KEY 650_3 - 25*14*75 LG,BF,STD,1,NOS,25,0,0,0,ADISHWAR HARDWARE & TOOLS,25,0,0,,1,,KEY 25X14,25,0,25,KEY 18X11
269,G049,KEY 650_4 - 36*20*140 LG,BF,STD,1,NOS,36,36,140,,ADISHWAR HARDWARE & TOOLS,25,0,0,,1,,KEY 36X20,25,0,25,KEY 25X14
270,G049,MT-BF Cover(Ø 170 X 16 LG ),ROUND,MS,2,KGS,170,12,,,AMBIKA INDUSTRIES,48,0,0,18,4.27,8,MT-ROUND Ø 170 X 12 mm Long,205.083648,36.91505664,241.9987046,KEY 36X20
271,G049,MT-BF Cover(Ø 200 X 16 LG ),ROUND,MS,2,KGS,200,12,,,AMBIKA INDUSTRIES,48,0,0,18,5.91,8,MT-ROUND Ø 200 X 12 mm Long,283.8528,51.093504,334.946304,ROUND170
272,G049,MT-BF Cover(Ø 260 X 30 LG ),ROUND,MS,1,KGS,260,30,,,AMBIKA INDUSTRIES,48,0,0,18,12.49,8,MT-ROUND Ø 260 X 30 mm Long,599.63904,107.9350272,707.5740672,ROUND200
273,G049,MT-BF Cover(Ø 260 X 16 LG ),ROUND,MS,1,KGS,260,12,,,AMBIKA INDUSTRIES,48,0,0,18,5,8,MT-ROUND Ø 260 X 12 mm Long,239.855616,43.17401088,283.0296269,ROUND260
274,G049,MT-BF Cover(Ø 160 X 20 LG ),ROUND,MS,1,KGS,160,20,,,AMBIKA INDUSTRIES,48,0,0,18,3.15,8,MT-ROUND Ø 160 X 20 mm Long,151.38816,27.2498688,178.6380288,ROUND260
275,G049,MT-BF Cover(Ø 160 X 16 LG ),ROUND,MS,1,KGS,160,16,,,AMBIKA INDUSTRIES,48,0,0,18,2.52,8,MT-ROUND Ø 160 X 16 mm Long,121.110528,21.79989504,142.910423,ROUND160
276,G049,BORING JOB WORK OF BODY,LABOUR,,1,NOS,0,0,0,0,GHANSHYAM VVN,8000,0,0,0,1,,LABOUR-BORING JOB WORK OF BODY,8000,0,8000,ROUND160
277,G049,ASSEMBLY CHARGE,LABOUR,,1,NOS,0,0,0,0,GHANSHYAM VVN,3000,0,0,0,1,,LABOUR-ASSEMBLY CHARGE,3000,0,3000,LABOUR
278,G049,COLOUR LABOUR,LABOUR,,1,NOS,0,0,0,0,GHANSHYAM VVN,3000,0,0,0,1,,LABOUR-COLOUR LABOUR,3000,0,3000,LABOUR
279,G049,MISC CHARGE,LABOUR,,1,NOS,0,0,0,0,GHANSHYAM VVN,3000,0,0,0,1,,LABOUR-MISC CHARGE,3000,0,3000,LABOUR
280,G049,PLATE8 THK  X 275  X 1045,PLATE,PLATE,4,KGS,8,275,1045,0,STOCK,48,0,0,18,72.19,,MT-PLATE Thk 8 Thk  X 275 X 1045 mm Long,3465.0528,623.709504,4088.762304,LABOUR
281,G049,PLATE8 THK  X 290  X 1045,PLATE,,1,KGS,8,290,1045,,STOCK,48,0,0,0,19.03,,MT-PLATE Thk 8 Thk  X 290 X 1045 mm Long,913.51392,0,913.51392,PLATETHK8
282,G049,PLATE8 THK  X 264  X 1110,PLATE,,1,KGS,8,264,1110,,STOCK,48,0,0,0,18.4,,MT-PLATE Thk 8 Thk  X 264 X 1110 mm Long,883.339776,0,883.339776,PLATETHK8
283,G049,PLATE8 THK  X 260  X 1110,PLATE,,4,KGS,8,260,1110,,STOCK,48,0,0,0,72.5,,MT-PLATE Thk 8 Thk  X 260 X 1110 mm Long,3479.82336,0,3479.82336,PLATETHK8
284,G049,PLATE8 THK  X 260  X 108,PLATE,,4,KGS,8,260,108,,STOCK,48,0,0,0,7.05,,MT-PLATE Thk 8 Thk  X 260 X 108 mm Long,338.577408,0,338.577408,PLATETHK8
285,G049,PLATE45 THK  X 140  X 900,PLATE,,4,KGS,45,140,900,,STOCK,48,0,0,0,178.04,,MT-PLATE Thk 45 Thk  X 140 X 900 mm Long,8545.824,0,8545.824,PLATETHK8
286,G049,PLATE20 THK  X 40  X 145,PLATE,,4,KGS,20,40,145,,STOCK,48,0,0,0,3.64,,MT-PLATE Thk 20 Thk  X 40 X 145 mm Long,174.8352,0,174.8352,PLATETHK45
287,G049,PLATE20 THK  X 40  X 356,PLATE,,2,KGS,20,40,356,,STOCK,48,0,0,0,4.47,,MT-PLATE Thk 20 Thk  X 40 X 356 mm Long,214.62528,0,214.62528,PLATETHK20
288,G049,PLATE20 THK  X 40  X 356,PLATE,,2,KGS,20,40,356,,STOCK,48,0,0,0,4.47,,MT-PLATE Thk 20 Thk  X 40 X 356 mm Long,214.62528,0,214.62528,PLATETHK20
289,G049,PLATE25 THK  X 77  X 540,PLATE,,2,KGS,25,77,540,,STOCK,48,0,0,0,16.32,,MT-PLATE Thk 25 Thk  X 77 X 540 mm Long,783.3672,0,783.3672,PLATETHK20
290,G049,PLATE6 THK  X 140  X 65,PLATE,,2,KGS,6,140,65,,STOCK,48,0,0,0,0.86,,MT-PLATE Thk 6 Thk  X 140 X 65 mm Long,41.14656,0,41.14656,PLATETHK25
291,G049,PLATE6 THK  X 140  X 95,PLATE,,4,KGS,6,140,95,,STOCK,48,0,0,0,2.51,,MT-PLATE Thk 6 Thk  X 140 X 95 mm Long,120.27456,0,120.27456,PLATETHK6
292,G049,PLATE6 THK  X 138  X 106,PLATE,,4,KGS,6,138,106,,STOCK,48,0,0,0,2.76,,MT-PLATE Thk 6 Thk  X 138 X 106 mm Long,132.2839296,0,132.2839296,PLATETHK6
293,G049,PLATE6 THK  X 35  X 1180,PLATE,,1,KGS,6,35,1180,,STOCK,48,0,0,0,1.95,,MT-PLATE Thk 6 Thk  X 35 X 1180 mm Long,93.37104,0,93.37104,PLATETHK6
294,G049,FABRICATION LABOUR,LABOUR,,200,KGS,0,0,0,0,GHANSHYAM VVN,15,0,0,0,200,,LABOUR-FABRICATION LABOUR,3000,0,3000,PLATETHK6
295,G049,GEARBODY SR CHARGE,LABOUR,,200,KGS,0,0,0,0,NILAM INDUSTRIES,10,0,0,0,200,,LABOUR-GEARBODY SR CHARGE,2000,0,2000,LABOUR
296,G049,BF Cover(Ø 170 X 16 LG ),LABOUR,,2,NOS,0,0,0,0,RUCHI ENGINEERS,125,0,0,0,2,9,LABOUR-BF Cover(Ø 170 X 16 LG ),250,0,250,LABOUR
297,G049,BF Cover(Ø 200 X 16 LG ),LABOUR,,2,NOS,0,0,0,0,RUCHI ENGINEERS,125,0,0,0,2,9,LABOUR-BF Cover(Ø 200 X 16 LG ),250,0,250,LABOUR
298,G049,BF Cover(Ø 260 X 30 LG ),LABOUR,,1,NOS,0,0,0,0,RUCHI ENGINEERS,125,0,0,0,1,9,LABOUR-BF Cover(Ø 260 X 30 LG ),125,0,125,LABOUR
299,G049,BF Cover(Ø 260 X 16 LG ),LABOUR,NA,1,NOS,0,0,0,0,RUCHI ENGINEERS,125,0,0,0,1,9,LABOUR-BF Cover(Ø 260 X 16 LG ),125,0,125,LABOUR
300,G049,BF Cover(Ø 160 X 20 LG ),LABOUR,,1,NOS,0,0,0,0,RUCHI ENGINEERS,125,0,0,0,1,9,LABOUR-BF Cover(Ø 160 X 20 LG ),125,0,125,LABOUR
301,G049,BF Cover(Ø 160 X 16 LG ),LABOUR,,1,NOS,0,0,0,0,RUCHI ENGINEERS,125,0,0,0,1,9,LABOUR-BF Cover(Ø 160 X 16 LG ),125,0,125,LABOUR
302,G049,BORING JOB WORK OF BODY,LABOUR,,1,NOS,0,0,0,0,GHANSHYAM VVN,250,0,0,0,1,,LABOUR-BORING JOB WORK OF BODY,250,0,250,LABOUR
303,G049,TOOTHED BUSH MT,ROUND,EN-8,1,Nos,180,155,0,0,HINDUSTAN ENTERPRISE,72,0,0,18,30.94,1,MT-ROUND Ø 180 X 155 mm Long,2227.35744,400.9243392,2628.281779,LABOUR
304,G050,MT-BPB AXEL C0001-01-237,BF,EN-8,1,KGS,100,710,0,0,NIRAV INDUSTRIES,4300,0,0,18,1,6,100,4300,774,5074,ROUND180
305,G050,LA-SHACLE PLATE BORING JOB WORK,LABOUR,NA,2,NOS,0,0,0,0,GHANSHYAM VVN,1500,0,0,18,2,,LABOUR-LA-SHACLE PLATE BORING JOB WORK,3000,540,3540,ROUND100
306,G050,LA-FABRICATION JW SHACKLE PLATE,LABOUR,NA,120,Kgs,0,0,0,0,GHANSHYAM VVN,15,0,0,18,120,,LABOUR-LA-FABRICATION JW SHACKLE PLATE,1800,324,2124,LABOUR
307,G050,MT-PULY COVER 01-239-2 ,PLATE,NA,2,Nos,10,170,160,0,GHANSHYAM VVN,65,0,0,18,4.27,,MT-PLATE Thk 10 Thk  X 170 X 160 mm Long,277.576,49.96368,327.53968,LABOUR
308,G050,MT-PULLY COVER 01-239-4,PLATE,NA,10,Nos,8,35,35,0,GHANSHYAM VVN,65,0,0,18,0.77,,MT-PLATE Thk 8 Thk  X 35 X 35 mm Long,50.0045,9.00081,59.00531,PLATETHK10
309,G050,MT-MIDDLE PULLY COVER -01-29-3,PLATE,NA,2,Nos,8,35,316,0,GHANSHYAM VVN,65,0,0,18,1.39,,MT-PLATE Thk 8 Thk  X 35 X 316 mm Long,90.29384,16.2528912,106.5467312,PLATETHK8
310,G050,MT-MIDDLE PULLY COVER-01-239-B-4,PLATE,NA,4,Nos,8,35,34,0,GHANSHYAM VVN,65,0,0,18,0.3,,MT-PLATE Thk 8 Thk  X 35 X 34 mm Long,19.43032,3.4974576,22.9277776,PLATETHK8
311,G050,MT-MIDDLE PULLY COVER-01-239-B-5,PLATE,NA,2,Nos,8,35,148,0,GHANSHYAM VVN,65,0,0,18,0.65,,MT-PLATE Thk 8 Thk  X 35 X 148 mm Long,42.28952,7.6121136,49.9016336,PLATETHK8
312,G050,MT-MIDDLE PULLY COVER-01-239-B-6,PLATE,NA,10,Nos,8,35,35,0,GHANSHYAM VVN,65,0,0,18,0.77,,MT-PLATE Thk 8 Thk  X 35 X 35 mm Long,50.0045,9.00081,59.00531,PLATETHK8
313,G050,MT-MIDDLE PULLY COVER-01-239-B-7,BOLT,BOLT,8,NOS,8,40,0,0,GHANSHYAM VVN,90,0,0,18,0.3,,BOLT- M8 X 40 MM LONG,27.06994224,4.872589603,31.94253184,PLATETHK8
314,G050,MT-MIDDLE PULLY COVER-01-239-B-8,BOLT,HEX NUT,8,NOS,8,10,0,0,GHANSHYAM VVN,100,0,0,18,0.08,,HEX NUT- M8 X 10 MM LONG,7.5194284,1.353497112,8.872925512,M8
315,G050,MT-MIDDLE PULLY COVER-01-239-B-9,BOLT,SPWASHER,8,NOS,8,10,0,0,GHANSHYAM VVN,90,0,0,18,0.08,,SPWASHER- M8 X 10 MM LONG,6.76748556,1.218147401,7.985632961,M8
316,G050,MT-CROSS HEAD C01-242,PLATE,NA,1,Nos,130,220,442,0,MAHALAXMI ENTERPRISE,80,0,0,18,99.23,,MT-PLATE Thk 130 Thk  X 220 X 442 mm Long,7938.6736,1428.961248,9367.634848,M8
317,G050,LA-CROSS HEAD TURNING,LABOUR,NA,1,Nos,0,0,0,0,GHANSHYAM VVN,18000,0,0,18,1,,LABOUR-LA-CROSS HEAD TURNING,18000,3240,21240,PLATETHK130
318,G050,MT-CROSS HEAD LOCK PLATE 01-244,PLATE,NA,2,Kgs,12,190,182,0,GHANSHYAM VVN,65,0,0,18,6.51,,MT-PLATE Thk 12 Thk  X 190 X 182 mm Long,423.46668,76.2240024,499.6906824,LABOUR
319,G050,MT-25 TON HOOK IS 15560 GRADE M  WITH SAFTY LATCH AS PER DRG,BF,NA,1,Nos,0,0,0,0,M K FORGE,23500,0,720,18,1,,25TON HOOK WITHOUT MC,24220,4359.6,28579.6,PLATETHK12
320,G050,MT-HOOK NUT01-243,ROUND,EN-8,1,Nos,210,185,0,0,GHANSHYAM VVN,70,0,0,18,50.26,,MT-ROUND Ø 210 X 185 mm Long,3517.9452,633.230136,4151.175336,25TON HOOK WITHOUT MC
321,G050,LA-HOOK NUT-01-243,LABOUR,NA,1,Nos,0,0,0,0,PRFULKAKA,2500,0,0,18,1,,LABOUR-LA-HOOK NUT-01-243,2500,450,2950,ROUND210
322,G050,MT-HOOK LOCK PATTI01-243,PLATE,NA,1,Nos,12,35,200,0,GHANSHYAM VVN,65,0,0,18,0.66,,MT-PLATE Thk 12 Thk  X 35 X 200 mm Long,42.861,7.71498,50.57598,LABOUR
323,G050,MT-LOCK PL BPB-11,PLATE,NA,4,Kgs,10,40,140,0,GHANSHYAM VVN,65,0,0,18,1.76,,MT-PLATE Thk 10 Thk  X 40 X 140 mm Long,114.296,20.57328,134.86928,PLATETHK12
324,G050,MT PULLY SPACER-BPB-12,PIPE,NA,1,Nos,115,100,0,90,GHANSHYAM VVN,70,0,0,18,3.16,,MT-PIPE OD Ø115 X ID Ø 90 X 100 THK,220.99,39.7782,260.7682,PLATETHK10
325,G050,LA-PULLY SPACER -BPB-12,LABOUR,NA,1,Nos,0,0,0,0,GHANSHYAM VVN,100,0,0,18,1,,LABOUR-LA-PULLY SPACER -BPB-12,100,18,118,ROUNDPIPE115
326,G050,BF-THRUSTBF BPB-51220-13,BF,NA,1,Nos,51220,0,0,0,PATEL ENTERPRISE,1200,0,0,18,1,,NA- 51220 X 0 MM LONG,1200,216,1416,LABOUR
327,G050,HEXBOLT16*30,BOLT,BOLT,8,Nos,16,30,0,0,GHANSHYAM VVN,100,0,0,18,0.83,,BOLT- 16 X 30 MM LONG,83.21287661,14.97831779,98.1911944,BEARING51220
328,G050,SPRING WASHER A16,BOLT,SPWASHER,8,Nos,16,10,0,0,GHANSHYAM VVN,100,0,0,18,0.28,,SPWASHER- 16 X 10 MM LONG,27.73762554,4.992772596,32.73039813,M16
329,G050,BOLT 20X45,BOLT,HEXBOLT,8,Nos,20,45,0,0,GHANSHYAM VVN,100,0,0,18,1.78,,HEXBOLT- 20 X 45 MM LONG,178.0192351,32.04346231,210.0626974,M16
330,G050,SPRINGWASHER A20,BOLT,SPWASHER-A20,8,Nos,20,10,0,0,GHANSHYAM VVN,100,0,0,18,0.4,,SPWASHER-A20- 20 X 10 MM LONG,39.55983002,7.120769403,46.68059942,M20
331,G050,HEXBOLT 10 X40,BOLT,HEXBOLT-10X40,10,Nos,10,40,0,0,GHANSHYAM VVN,100,0,0,18,0.57,,HEXBOLT-10X40- 10 X 40 MM LONG,57.03492256,10.26628606,67.30120862,M20
332,G050,SP WASHER A10,BOLT,SPWASHER-A10,10,Nos,10,10,0,0,GHANSHYAM VVN,100,0,0,18,0.14,,SPWASHER-A10- 10 X 10 MM LONG,14.25873064,2.566571515,16.82530216,M10
333,G050,HEX NUT 10,BOLT,HEXNUT-10,10,Nos,10,10,0,0,GHANSHYAM VVN,100,0,0,18,0.14,,HEXNUT-10- 10 X 10 MM LONG,14.25873064,2.566571515,16.82530216,M10
334,G050,GREES NIPPLE 1/4 BSP,BF,NA,5,Nos,0,0,0,0,GHANSHYAM VVN,15,0,0,18,5,,"GRESE NIPPLE 1/4"" BSP",75,13.5,88.5,M10
335,G050,LA HOOK THREDING,LABOUR,NA,1,Nos,0,0,0,0,PRFULKAKA,4000,0,0,18,1,,LABOUR-LA HOOK THREDING,4000,720,4720,"GRESE NIPPLE 1/4"" BSP"
336,G050,MT-PULLY 400-74-6218-A-1 & UPPERPULLY (1),BF,NA,6,Nos,0,0,0,0,NIRAV INDUSTRIES,5500,0,0,18,6,6,PULLY 400 DIA,33000,5940,38940,LABOUR
337,G050,PULLY ASSLY BF 6218-2 & UPPERPULLY (2),BF,NA,12,Nos,6218,0,0,0,PATEL ENTERPRISE,460,0,0,18,12,,NA- 6218 X 0 MM LONG,5520,993.6,6513.6,PULLY 400 DIA
338,G050,MT-B CFOR PULLY BPB PUBC-6218-A-3 & UPPERPULLY (3),ROUND,M.S,12,Nos,225,12,0,0,GHANSHYAM VVN,65,0,0,18,44.91,,MT-ROUND Ø 225 X 12 mm Long,2918.916,525.40488,3444.32088,BEARING6218
339,G050,MT-PULLY SPACER BPB-PU-SP-6218-25-A-4 & UPPERPULLY (4),PIPE,NA,12,Nos,120,40,0,115,GHANSHYAM VVN,70,0,0,18,3.47,,MT-PIPE OD Ø120 X ID Ø 115 X 40 THK,243.1968,43.775424,286.972224,ROUND225
340,G050,MT-SPACER BERING-BPB-BRG-SP-6218-8A-5 & UPPERPULLY (5),PIPE,NA,6,Nos,160,10,0,140,GHANSHYAM VVN,100,0,0,18,2.22,,MT-PIPE OD Ø160 X ID Ø 140 X 10 THK,221.76,39.9168,261.6768,ROUNDPIPE120
341,G050,HEX SCRWE BPB PULLY 10X30 LG-6 & UPPERPULLY ,BF,NA,72,Nos,10,0,0,0,GHANSHYAM VVN,4,0,0,18,72,,HEXBOLT-10X30,288,51.84,339.84,ROUNDPIPE160
342,G050,SPRING WASHER BPB PULLY-7 & UPPERPULLY ,BF,NA,72,Nos,10,0,0,0,GHANSHYAM VVN,4,0,0,18,72,,SPWASHER-A10,288,51.84,339.84,HEXBOLT-M10X30
343,G050,MT-UPPERPULLY SHAFT C0001-01-257(2),BF,EN-8,1,Nos,100,540,0,0,NIRAV INDUSTRIES,3900,0,0,18,1,6,100,3900,702,4602,SPWASHER-A10
344,G050,LA-HUBUPB 01-259-(3),LABOUR,NA,1,Nos,0,0,0,0,GHANSHYAM VVN,150,0,0,18,1,,LABOUR-LA-HUBUPB 01-259-(3),150,27,177,ROUND100
345,G050,LOCK NUT AND WASHER 01-250-(4),BF,NA,2,Nos,85,0,0,0,GHANSHYAM VVN,325,0,0,18,2,,LOCKNUTM85,650,117,767,LABOUR
346,G050,LA-BERING COVER LABOUR,LABOUR,NA,12,Nos,0,0,0,0,GHANSHYAM VVN,125,0,0,18,12,,LABOUR-LA-BERING COVER LABOUR,1500,270,1770,LOCKNUTM85
347,G050,MT 01-250 HUB,PIPE,NA,1,Nos,100,235,0,0,GHANSHYAM VVN,75,0,0,18,14.48,,MT-PIPE OD Ø100 X ID Ø 0 X 235 THK,1085.7,195.426,1281.126,LABOUR
348,G050,MT-EQ PULLY 250 DIA  DRG NO ,BF,NA,1,Nos,0,0,0,0,NIRAV INDUSTRIES,4500,0,0,18,1,6,BF,4500,810,5310,ROUNDPIPE100
349,G050,EQ PULLY SHAFT 01-263,BF,NA,1,Nos,90,190,0,0,NIRAV INDUSTRIES,1500,0,0,18,1,6,ROUND90,1500,270,1770,BF
350,G053,MT-CT-CASSING BF(CTGB),BF,BF,2,NOS,0,0,0,0,GHANSHYAM VVN,500,0,0,18,2,7,C.I.BF,1000,180,1180,ROUND90
351,G053,MT-CT-CASSING PLATE BF(CTGB),BF,BF,2,NOS,0,0,0,0,GHANSHYAM VVN,200,0,0,18,2,7,C.I.BF,400,72,472,C.I.CASTING
352,G053,MT-CT-MOTOR PINION(CTGB),ROUND,EN-19,2,,45,45,0,0,GHANSHYAM VVN,80,0,0,18,1.12,10,MT-ROUND Ø 45 X 45 mm Long,89.8128,16.166304,105.979104,C.I.CASTING
353,G053,MT-CT-GEAR 1(CTGB),ROUND,EN-9,2,,125,20,0,0,GHANSHYAM VVN,80,0,0,18,3.85,10,MT-ROUND Ø 125 X 20 mm Long,308,55.44,363.44,ROUND45
354,G053,MT-CT-FIRST PINION(CTGB),ROUND,EN-19,2,KGS,40,90,0,0,GHANSHYAM VVN,75,0,0,18,1.77,10,MT-ROUND Ø 40 X 90 mm Long,133.056,23.95008,157.00608,ROUND125
355,G053,MT-CT-GEAR 2(CTGB),ROUND,EN-9,2,KGS,125,30,0,0,GHANSHYAM VVN,80,0,0,18,5.78,10,MT-ROUND Ø 125 X 30 mm Long,462,83.16,545.16,ROUND40
356,G053,MT-CT-OPS(CTGB),ROUND,EN-9,2,KGS,45,150,0,0,GHANSHYAM VVN,80,0,0,18,3.74,10,MT-ROUND Ø 45 X 150 mm Long,299.376,53.88768,353.26368,ROUND125
357,G053,MT-CT-WD PINION(CTGB),ROUND,EN-9,2,KGS,60,60,0,0,GHANSHYAM VVN,80,0,0,18,2.66,10,MT-ROUND Ø 60 X 60 mm Long,212.8896,38.320128,251.209728,ROUND45
358,G053,MT-CT-OPS BF COVER (FLANGE)(CTGB),ROUND,NA,2,KGS,150,25,0,0,GHANSHYAM VVN,60,0,0,18,6.93,,MT-ROUND Ø 150 X 25 mm Long,415.8,74.844,490.644,ROUND60
359,G053,MT-CT-FIRST PINION BF COVER(CTGB),ROUND,NA,2,KGS,65,12,0,0,GHANSHYAM VVN,60,0,0,18,0.62,,MT-ROUND Ø 65 X 12 mm Long,37.47744,6.7459392,44.2233792,ROUND150
360,G053,CT-BOLT  8 X 25(CTGB),BOLT,NA,8,Nos,8,25,0,0,GHANSHYAM VVN,100,0,0,18,0.19,,NA- M8 X 25 MM LONG,18.798571,3.38374278,22.18231378,ROUND65
361,G053,CT-BOLT 6 X25(CTGB),BOLT,NA,8,Nos,6,25,,0,GHANSHYAM VVN,100,0,0,18,0.11,,NA- M6 X 25 MM LONG,10.7718765,1.93893777,12.71081427,M8
362,G053,CT-BOLT 10 X 45(CTGB),BOLT,NA,8,Nos,10,45,,0,GHANSHYAM VVN,100,0,0,18,0.51,,NA- 10 X 45 MM LONG,51.3314303,9.239657455,60.57108776,M6
363,G053,CT-BF 6003(17X35X10)(CTGB),BF,NA,4,Nos,6003,0,0,0,PATEL ENTERPRISE,200,0,0,18,4,,NA- BF6003 X 0 MM LONG,800,144,944,M10
364,G053,CT-BF 6205(25X52X15)(CTGB),BF,NA,4,Nos,6205,0,0,0,PATEL ENTERPRISE,200,0,0,18,4,,NA- BF6205 X 0 MM LONG,800,144,944,BEARING6003
365,G053,CT-OPS CIRCLIP (A25)(CTGB),BF,NA,2,Nos,24,0,0,0,GHANSHYAM VVN,20,0,0,18,2,,CIRCLIPA24,40,7.2,47.2,BEARING6205
366,G053,CT-FIP CIRCLIP (A25)(CTGB),BF,NA,2,Nos,24,0,0,0,GHANSHYAM VVN,20,0,0,18,2,,CIRCLIPA24,40,7.2,47.2,CIRCLIPA24
367,G053,CT-BF ( 25X52X7)(CTGB),BF,NA,2,Nos,45427,0,0,0,GHANSHYAM VVN,20,0,0,18,2,,45427,40,7.2,47.2,CIRCLIPA24
368,G053,LA-BO-CT-CASSING CASTING(CTGB),LABOUR,NA,2,Nos,0,0,0,0,GHANSHYAM VVN,1800,0,0,18,2,,LABOUR-LA-BO-CT-CASSING CASTING(CTGB),3600,648,4248,OILSEAL25X42X7
369,G053,LA-BO-CT-CASSING PLATE CASTING(CTGB),LABOUR,NA,2,Nos,0,0,0,0,GHANSHYAM VVN,250,0,0,18,2,,LABOUR-LA-BO-CT-CASSING PLATE CASTING(CTGB),500,90,590,LABOUR
370,G053,LA-TU-CT-MOTOR PINION(CTGB),LABOUR,NA,2,Nos,0,0,0,0,GHANSHYAM VVN,150,0,0,18,2,,LABOUR-LA-TU-CT-MOTOR PINION(CTGB),300,54,354,LABOUR
371,G053,LA-TU-CT-GEAR 1(CTGB),LABOUR,NA,2,Nos,0,0,0,0,GHANSHYAM VVN,150,0,0,18,2,,LABOUR-LA-TU-CT-GEAR 1(CTGB),300,54,354,LABOUR
372,G053,LA-TU-CT-FIRST PINION(CTGB),LABOUR,NA,2,Nos,0,0,0,0,GHANSHYAM VVN,150,0,0,18,2,,LABOUR-LA-TU-CT-FIRST PINION(CTGB),300,54,354,LABOUR
373,G053,LA-TU-CT-GEAR 2(CTGB),LABOUR,NA,2,Nos,0,0,0,0,GHANSHYAM VVN,150,0,0,18,2,,LABOUR-LA-TU-CT-GEAR 2(CTGB),300,54,354,LABOUR
374,G053,LA-TU-CT-OPS(CTGB),LABOUR,NA,2,Nos,0,0,0,0,GHANSHYAM VVN,150,0,0,18,2,,LABOUR-LA-TU-CT-OPS(CTGB),300,54,354,LABOUR
375,G053,LA-TU-CT-WD PINION(CTGB),LABOUR,NA,2,Nos,0,0,0,0,GHANSHYAM VVN,150,0,0,18,2,,LABOUR-LA-TU-CT-WD PINION(CTGB),300,54,354,LABOUR
376,G053,LA-TU-CT-SECOUND COVER(CTGB),LABOUR,NA,2,Nos,0,0,0,0,GHANSHYAM VVN,75,0,0,18,2,,LABOUR-LA-TU-CT-SECOUND COVER(CTGB),150,27,177,LABOUR
377,G053,LA-TU-CT-OPS BF COVER (FLANGE)(CTGB),LABOUR,NA,2,Nos,0,0,0,0,GHANSHYAM VVN,150,0,0,18,2,,LABOUR-LA-TU-CT-OPS BF COVER (FLANGE)(CTGB),300,54,354,LABOUR
378,G053,LA-TU-CT-FIRST PINION BF COVER(CTGB),LABOUR,NA,2,Nos,0,0,0,0,GHANSHYAM VVN,75,0,0,18,2,,LABOUR-LA-TU-CT-FIRST PINION BF COVER(CTGB),150,27,177,LABOUR
379,G053,LA-KEYWAY-CT-MOTOR PINION(CTGB),LABOUR,NA,2,Nos,0,0,0,0,GHANSHYAM VVN,40,0,0,18,2,,LABOUR-LA-KEYWAY-CT-MOTOR PINION(CTGB),80,14.4,94.4,LABOUR
380,G053,LA-KEYWAY-CT-GEAR 1(CTGB),LABOUR,NA,2,Nos,0,0,0,0,GHANSHYAM VVN,40,0,0,18,2,,LABOUR-LA-KEYWAY-CT-GEAR 1(CTGB),80,14.4,94.4,LABOUR
381,G053,LA-KEYWAY-CT-FIRST PINION(CTGB),LABOUR,NA,2,Nos,0,0,0,0,GHANSHYAM VVN,40,0,0,18,2,,LABOUR-LA-KEYWAY-CT-FIRST PINION(CTGB),80,14.4,94.4,LABOUR
382,G053,LA-KEYWAY-CT-GEAR 2(CTGB),LABOUR,NA,2,Nos,0,0,0,0,GHANSHYAM VVN,40,0,0,18,2,,LABOUR-LA-KEYWAY-CT-GEAR 2(CTGB),80,14.4,94.4,LABOUR
383,G053,LA-KEYWAY-CT-OPS(CTGB),LABOUR,NA,2,Nos,0,0,0,0,GHANSHYAM VVN,40,0,0,18,2,,LABOUR-LA-KEYWAY-CT-OPS(CTGB),80,14.4,94.4,LABOUR
384,G053,LA-KEYWAY-CT-WD PINION(CTGB),LABOUR,NA,2,Nos,0,0,0,0,GHANSHYAM VVN,40,0,0,18,2,,LABOUR-LA-KEYWAY-CT-WD PINION(CTGB),80,14.4,94.4,LABOUR
385,G053,LA-TEETHCUT-CT-MOTOR PINION(CTGB),LABOUR,NA,2,Nos,0,0,0,0,GHANSHYAM VVN,250,0,0,18,2,,LABOUR-LA-TEETHCUT-CT-MOTOR PINION(CTGB),500,90,590,LABOUR
386,G053,LA-TEETHCUT-CT-GEAR 1(CTGB),LABOUR,NA,2,Nos,0,0,0,0,GHANSHYAM VVN,250,0,0,18,2,,LABOUR-LA-TEETHCUT-CT-GEAR 1(CTGB),500,90,590,LABOUR
387,G053,LA-TEETHCUT-CT-FIRST PINION(CTGB),LABOUR,NA,2,Nos,0,0,0,0,GHANSHYAM VVN,250,0,0,18,2,,LABOUR-LA-TEETHCUT-CT-FIRST PINION(CTGB),500,90,590,LABOUR
388,G053,LA-TEETHCUT-CT-GEAR 2(CTGB),LABOUR,NA,2,Nos,0,0,0,0,GHANSHYAM VVN,250,0,0,18,2,,LABOUR-LA-TEETHCUT-CT-GEAR 2(CTGB),500,90,590,LABOUR
389,G053,LA-TEETHCUT-CT-WD PINION(CTGB),LABOUR,NA,2,Nos,0,0,0,0,GHANSHYAM VVN,250,0,0,18,2,,LABOUR-LA-TEETHCUT-CT-WD PINION(CTGB),500,90,590,LABOUR
390,G053,LA-HT-CT-MOTOR PINION(CTGB),LABOUR,NA,2,KGS,0,0,0,0,GHANSHYAM VVN,18,0,0,18,2,,LABOUR-LA-HT-CT-MOTOR PINION(CTGB),36,6.48,42.48,LABOUR
391,G053,LA-HT-CT-GEAR 1(CTGB),LABOUR,NA,2,KGS,0,0,0,0,GHANSHYAM VVN,18,0,0,18,2,,LABOUR-LA-HT-CT-GEAR 1(CTGB),36,6.48,42.48,LABOUR
392,G053,LA-HT-CT-FIRST PINION(CTGB),LABOUR,NA,2,KGS,0,0,0,0,GHANSHYAM VVN,18,0,0,18,2,,LABOUR-LA-HT-CT-FIRST PINION(CTGB),36,6.48,42.48,LABOUR
393,G053,LA-HT-CT-GEAR 2(CTGB),LABOUR,NA,2,KGS,0,0,0,0,GHANSHYAM VVN,18,0,0,18,2,,LABOUR-LA-HT-CT-GEAR 2(CTGB),36,6.48,42.48,LABOUR
394,G053,LA-HT-CT-OPS(CTGB),LABOUR,NA,2,KGS,0,0,0,0,GHANSHYAM VVN,18,0,0,18,2,,LABOUR-LA-HT-CT-OPS(CTGB),36,6.48,42.48,LABOUR
395,G053,LA-HT-CT-WD PINION(CTGB),LABOUR,NA,2,NOS,0,0,0,0,GHANSHYAM VVN,18,0,0,18,2,,LABOUR-LA-HT-CT-WD PINION(CTGB),36,6.48,42.48,LABOUR
396,G053,LA-GRINDING-CT-MOTOR PINION(CTGB),LABOUR,NA,2,NOS,0,0,0,0,GHANSHYAM VVN,90,0,0,18,2,,LABOUR-LA-GRINDING-CT-MOTOR PINION(CTGB),180,32.4,212.4,LABOUR
397,G053,LA-GRINDING-CT-FIRST PINION(CTGB),LABOUR,NA,2,NOS,0,0,0,0,GHANSHYAM VVN,90,0,0,18,2,,LABOUR-LA-GRINDING-CT-FIRST PINION(CTGB),180,32.4,212.4,LABOUR
398,G053,LA-GRINDING-CT-OPS(CTGB),LABOUR,NA,2,NOS,0,0,0,0,GHANSHYAM VVN,90,0,0,18,2,,LABOUR-LA-GRINDING-CT-OPS(CTGB),180,32.4,212.4,LABOUR
399,G053,LA-GRINDING-CT-WD PINION(CTGB),LABOUR,NA,2,NOS,0,0,0,0,GHANSHYAM VVN,90,0,0,18,2,,LABOUR-LA-GRINDING-CT-WD PINION(CTGB),180,32.4,212.4,LABOUR
400,G053,MT ALL GB KEY(CTGB),BF,NA,2,Nos,0,0,0,0,GHANSHYAM VVN,100,0,0,18,2,,MISCPART,200,36,236,LABOUR
401,G053,(3TH)MT-INPUT PINION(3TH)Ø42 X 220 LG,ROUND,EN-19,1,NOS,50,230,0,0,GHANSHYAM VVN,78,0,0,18,3.54,,MT-ROUND Ø 50 X 230 mm Long,276.276,49.72968,326.00568,MISCPART
402,G053,(3TH)MT-FIRST PINION(3TH)Ø56 X 145 LG,ROUND,EN-19,1,NOS,65,155,0,0,GHANSHYAM VVN,78,0,0,18,4.03,,MT-ROUND Ø 65 X 155 mm Long,314.65434,56.6377812,371.2921212,ROUND50
403,G053,(3TH)MT-SECOUND PINION(3TH)Ø 83 X 147 LG,ROUND,EN-19,1,NOS,90,155,0,0,GHANSHYAM VVN,78,0,78,18,7.73,,MT-ROUND Ø 90 X 155 mm Long,681.24264,122.6236752,803.8663152,ROUND65
404,G053,(3TH)MT-GEAR 1(3TH)Ø 247 X 24 LG,ROUND,EN-9,1,NOS,260,30,0,0,GHANSHYAM VVN,78,0,78,18,12.49,,MT-ROUND Ø 260 X 30 mm Long,1052.41344,189.4344192,1241.847859,ROUND90
405,G053,(3TH)MT-GEAR 2(3TH)Ø 295 X 34 LG,ROUND,EN-9,1,NOS,320,40,0,0,GHANSHYAM VVN,78,0,78,18,25.23,,MT-ROUND Ø 320 X 40 mm Long,2046.04608,368.2882944,2414.334374,ROUND260
406,G053,(3TH)MT-GEAR 3(3TH)Ø 294 X 52 LG,ROUND,EN-9,1,NOS,320,60,0,0,GHANSHYAM VVN,78,0,78,18,37.85,,MT-ROUND Ø 320 X 60 mm Long,3030.06912,545.4124416,3575.481562,ROUND320
407,G053,(3TH)LA-TUR-INPUT PINION(3TH)Ø42 X 220 LG,LABOUR,NA,1,NOS,0,0,0,0,GHANSHYAM VVN,500,0,0,18,1,,LABOUR-(3TH)LA-TUR-INPUT PINION(3TH)Ø42 X 220 LG,500,90,590,ROUND320
408,G053,(3TH)LA-TUR-FIRST PINION(3TH)Ø56 X 145 LG,LABOUR,NA,1,NOS,0,0,0,0,GHANSHYAM VVN,250,0,0,18,1,,LABOUR-(3TH)LA-TUR-FIRST PINION(3TH)Ø56 X 145 LG,250,45,295,LABOUR
409,G053,(3TH)LA-TUR-SECOUND PINION(3TH)Ø 83 X 147 LG,LABOUR,NA,1,NOS,0,0,0,0,GHANSHYAM VVN,250,0,0,18,1,,LABOUR-(3TH)LA-TUR-SECOUND PINION(3TH)Ø 83 X 147 LG,250,45,295,LABOUR
410,G053,(3TH)LA-TUR-GEAR 1(3TH)Ø 247 X 24 LG,LABOUR,NA,1,NOS,0,0,0,0,GHANSHYAM VVN,300,0,0,18,1,,LABOUR-(3TH)LA-TUR-GEAR 1(3TH)Ø 247 X 24 LG,300,54,354,LABOUR
411,G053,(3TH)LA-TUR-GEAR 2(3TH)Ø 295 X 34 LG,LABOUR,NA,1,NOS,0,0,0,0,GHANSHYAM VVN,350,0,0,18,1,,LABOUR-(3TH)LA-TUR-GEAR 2(3TH)Ø 295 X 34 LG,350,63,413,LABOUR
412,G053,(3TH)LA-TUR-GEAR 3(3TH)Ø 294 X 52 LG,LABOUR,NA,1,NOS,0,0,0,0,GHANSHYAM VVN,400,0,0,18,1,,LABOUR-(3TH)LA-TUR-GEAR 3(3TH)Ø 294 X 52 LG,400,72,472,LABOUR
413,G053,(3TH)LA-HT-INPUT PINION(3TH)Ø42 X 220 LG,LABOUR,NA,1,NOS,0,0,0,0,GHANSHYAM VVN,60,0,0,18,1,,LABOUR-(3TH)LA-HT-INPUT PINION(3TH)Ø42 X 220 LG,60,10.8,70.8,LABOUR
414,G053,(3TH)LA-HT-FIRST PINION(3TH)Ø56 X 145 LG,LABOUR,NA,1,NOS,0,0,0,0,GHANSHYAM VVN,80,0,0,18,1,,LABOUR-(3TH)LA-HT-FIRST PINION(3TH)Ø56 X 145 LG,80,14.4,94.4,LABOUR
415,G053,(3TH)LA-HT-SECOUND PINION(3TH)Ø 83 X 147 LG,LABOUR,NA,1,NOS,0,0,0,0,GHANSHYAM VVN,160,0,0,18,1,,LABOUR-(3TH)LA-HT-SECOUND PINION(3TH)Ø 83 X 147 LG,160,28.8,188.8,LABOUR
416,G053,(3TH)LA-HT-GEAR 1(3TH)Ø 247 X 24 LG,LABOUR,NA,1,NOS,0,0,0,0,GHANSHYAM VVN,240,0,0,18,1,,LABOUR-(3TH)LA-HT-GEAR 1(3TH)Ø 247 X 24 LG,240,43.2,283.2,LABOUR
417,G053,(3TH)LA-HT-GEAR 2(3TH)Ø 295 X 34 LG,LABOUR,NA,1,NOS,0,0,0,0,GHANSHYAM VVN,500,0,0,18,1,,LABOUR-(3TH)LA-HT-GEAR 2(3TH)Ø 295 X 34 LG,500,90,590,LABOUR
418,G053,(3TH)LA-HT-GEAR 3(3TH)Ø 294 X 52 LG,LABOUR,NA,1,NOS,0,0,0,0,GHANSHYAM VVN,800,0,0,18,1,,LABOUR-(3TH)LA-HT-GEAR 3(3TH)Ø 294 X 52 LG,800,144,944,LABOUR
419,G053,(3TH)LA-TEETH-INPUT PINION(3TH)Ø42 X 220 LG,LABOUR,NA,1,NOS,0,0,0,0,GHANSHYAM VVN,400,0,0,18,1,,LABOUR-(3TH)LA-TEETH-INPUT PINION(3TH)Ø42 X 220 LG,400,72,472,LABOUR
420,G053,(3TH)LA-TEETH-FIRST PINION(3TH)Ø56 X 145 LG,LABOUR,NA,1,NOS,0,0,0,0,GHANSHYAM VVN,300,0,0,18,1,,LABOUR-(3TH)LA-TEETH-FIRST PINION(3TH)Ø56 X 145 LG,300,54,354,LABOUR
421,G053,(3TH)LA-TEETH-SECOUND PINION(3TH)Ø 83 X 147 LG,LABOUR,NA,1,NOS,0,0,0,0,GHANSHYAM VVN,300,0,0,18,1,,LABOUR-(3TH)LA-TEETH-SECOUND PINION(3TH)Ø 83 X 147 LG,300,54,354,LABOUR
422,G053,(3TH)LA-TEETH-GEAR 1(3TH)Ø 247 X 24 LG,LABOUR,NA,1,NOS,0,0,0,0,GHANSHYAM VVN,300,0,0,18,1,,LABOUR-(3TH)LA-TEETH-GEAR 1(3TH)Ø 247 X 24 LG,300,54,354,LABOUR
423,G053,(3TH)LA-TEETH-GEAR 2(3TH)Ø 295 X 34 LG,LABOUR,NA,1,NOS,0,0,0,0,GHANSHYAM VVN,500,0,0,18,1,,LABOUR-(3TH)LA-TEETH-GEAR 2(3TH)Ø 295 X 34 LG,500,90,590,LABOUR
424,G053,(3TH)LA-TEETH-GEAR 3(3TH)Ø 294 X 52 LG,LABOUR,NA,1,NOS,0,0,0,0,GHANSHYAM VVN,600,0,0,18,1,,LABOUR-(3TH)LA-TEETH-GEAR 3(3TH)Ø 294 X 52 LG,600,108,708,LABOUR
425,G053,(3TH)LA-KEYWAY-INPUT PINION(3TH)Ø42 X 220 LG,LABOUR,NA,1,NOS,0,0,0,0,GHANSHYAM VVN,100,0,0,18,1,,LABOUR-(3TH)LA-KEYWAY-INPUT PINION(3TH)Ø42 X 220 LG,100,18,118,LABOUR
426,G053,(3TH)LA-KEYWAY-FIRST PINION(3TH)Ø56 X 145 LG,LABOUR,NA,1,NOS,0,0,0,0,GHANSHYAM VVN,100,0,0,18,1,,LABOUR-(3TH)LA-KEYWAY-FIRST PINION(3TH)Ø56 X 145 LG,100,18,118,LABOUR
427,G053,(3TH)LA-KEYWAY-SECOUND PINION(3TH)Ø 83 X 147 LG,LABOUR,NA,1,NOS,0,0,0,0,GHANSHYAM VVN,100,0,0,18,1,,LABOUR-(3TH)LA-KEYWAY-SECOUND PINION(3TH)Ø 83 X 147 LG,100,18,118,LABOUR
428,G053,(3TH)LA-KEYWAY-GEAR 1(3TH)Ø 247 X 24 LG,LABOUR,NA,1,NOS,0,0,0,0,GHANSHYAM VVN,100,0,0,18,1,,LABOUR-(3TH)LA-KEYWAY-GEAR 1(3TH)Ø 247 X 24 LG,100,18,118,LABOUR
429,G053,(3TH)LA-KEYWAY-GEAR 2(3TH)Ø 295 X 34 LG,LABOUR,NA,1,NOS,0,0,0,0,GHANSHYAM VVN,100,0,0,18,1,,LABOUR-(3TH)LA-KEYWAY-GEAR 2(3TH)Ø 295 X 34 LG,100,18,118,LABOUR
430,G053,(3TH)LA-KEYWAY-GEAR 3(3TH)Ø 294 X 52 LG,LABOUR,NA,1,NOS,0,0,0,0,GHANSHYAM VVN,100,0,0,18,1,,LABOUR-(3TH)LA-KEYWAY-GEAR 3(3TH)Ø 294 X 52 LG,100,18,118,LABOUR
431,G053,(3TH)LA-GRINDING-INPUT PINION(3TH)Ø42 X 220 LG,LABOUR,NA,1,NOS,0,0,0,0,GHANSHYAM VVN,100,0,0,18,1,,LABOUR-(3TH)LA-GRINDING-INPUT PINION(3TH)Ø42 X 220 LG,100,18,118,LABOUR
432,G053,(3TH)LA-GRINDING-FIRST PINION(3TH)Ø56 X 145 LG,LABOUR,NA,1,NOS,0,0,0,0,GHANSHYAM VVN,100,0,0,18,1,,LABOUR-(3TH)LA-GRINDING-FIRST PINION(3TH)Ø56 X 145 LG,100,18,118,LABOUR
433,G053,(3TH)LA-GRINDING-SECOUND PINION(3TH)Ø 83 X 147 LG,LABOUR,NA,1,NOS,0,0,0,0,GHANSHYAM VVN,200,0,0,18,1,,LABOUR-(3TH)LA-GRINDING-SECOUND PINION(3TH)Ø 83 X 147 LG,200,36,236,LABOUR
434,G053,(3TH)CIRCLIP EXTERNAL 38 ,BF,STD,1,NOS,38,0,0,0,PATEL ENTERPRISE,20,0,0,18,1,,38,20,3.6,23.6,LABOUR
435,G053,(3TH)CIRCLIP EXTERNAL A-52,BF,STD,1,NOS,52,0,0,0,PATEL ENTERPRISE,20,0,0,18,1,,A-52,20,3.6,23.6,A-38 
436,G053,(3TH)SPACER THIRD PAIR,ROUND,NA,1,NOS,65,12,0,0,GHANSHYAM VVN,100,0,0,18,0.31,,MT-ROUND Ø 65 X 12 mm Long,31.2312,5.621616,36.852816,A-52
437,G053,(3TH)BALL BF (6205)52 X 25 X 15,BF,STD,1,NOS,6205,0,0,0,PATEL ENTERPRISE,300,0,0,18,1,24,STD- BF6205 X 0 MM LONG,300,54,354,ROUND65
438,G053,(3TH)BALL BF (6006)55 X 30 X 13,BF,STD,1,NOS,6006,0,0,0,PATEL ENTERPRISE,350,0,0,18,1,24,STD- BF6006 X 0 MM LONG,350,63,413,BEARING6205
439,G053,(3TH)BALL BF (6207)72 X 35 X 17,BF,STD,2,NOS,6207,0,0,0,PATEL ENTERPRISE,400,0,0,18,2,24,STD- BF6207 X 0 MM LONG,800,144,944,BEARING6006
440,G053,(3TH)BALL BF (6208)80 X 40 X 18,BF,STD,2,NOS,6208,0,0,0,PATEL ENTERPRISE,500,0,0,18,2,24,STD- BF6208 X 0 MM LONG,1000,180,1180,BEARING6207
441,G053,(3TH)BALL BF (6211)100 X 55 X 21,BF,STD,2,NOS,6211,0,0,0,PATEL ENTERPRISE,600,0,0,18,2,24,STD- BF6211 X 0 MM LONG,1200,216,1416,BEARING6208
442,G053,(3TH)BF60 X 85 X 10,BF,STD,1,NOS,608510,0,0,0,CASH,60,0,0,18,1,,OILSEAL60X85X10,60,10.8,70.8,BEARING6211
443,G053,(3TH)BF42 X 30 X 7,BF,STD,1,NOS,30427,0,0,0,PATEL ENTERPRISE,70,0,0,18,1,24,30427,70,12.6,82.6,OILSEAL60X85X10
444,G053,(3TH)KEY 10 X 8 X 20 LG,BF,STD,1,NOS,10,0,0,0,GHANSHYAM VVN,20,0,0,18,1,,10 X 8 X 20 LG,20,3.6,23.6,OILSEAL30X42X7
445,G053,(3TH)KEY 16 X 10 X 32 LG,BF,STD,1,NOS,16,0,0,0,GHANSHYAM VVN,20,0,0,18,1,,16 X 10 X 32 LG,20,3.6,23.6,10 X 8 X 20 LG
446,G053,(3TH)KEY 16 X 10 X 52 LG,BF,STD,2,NOS,16,0,0,0,GHANSHYAM VVN,20,0,0,18,2,,16 X 10 X 52 LG,40,7.2,47.2,16 X 10 X 32 LG
447,G053,(3TH)MT-INPUT BF HOUSING,ROUND,MS,1,NOS,100,12,0,0,GHANSHYAM VVN,80,0,0,18,0.74,,MT-ROUND Ø 100 X 12 mm Long,59.136,10.64448,69.78048,16 X 10 X 52 LG
448,G053,(3TH)LA-TURNING INPUT BF HOSING,LABOUR,STD,1,NOS,0,0,0,0,GHANSHYAM VVN,100,0,0,18,1,,LABOUR-(3TH)LA-TURNING INPUT BF HOSING,100,18,118,ROUND100
449,G053,(3TH)BOLT M 16  X 30 LG ,BF,STD,3,NOS,16,30,0,0,GHANSHYAM VVN,100,0,0,18,3,,16,300,54,354,LABOUR
450,G053,(3TH)BOLT 16 X 150 LG,BF,,4,NOS,16,150,0,0,GHANSHYAM VVN,100,0,0,18,4,,16,400,72,472,M16
451,G053,(3TH)BOLT M8 X 20 LG,BOLT,STD,4,NOS,8,20,0,0,GHANSHYAM VVN,100,0,0,18,0.08,,STD- M8 X 20 MM LONG,7.5194284,1.353497112,8.872925512,M16
452,G053,(3TH)PIPE FOR STUD BOLT ,PIPE,STD,4,NOS,225,111,0,18,GHANSHYAM VVN,100,0,0,18,0.82,,MT-PIPE OD Ø25 X ID Ø 18 X 111 THK,82.324704,14.81844672,97.14315072,M8
453,G053,(3TH)GEAR BOX IDEL PLATE 470 X 330 X 20 THK,PLATE,STD,2,NOS,20,470,330,0,GHANSHYAM VVN,70,0,0,18,48.7,,MT-PLATE Thk 20 Thk  X 470 X 330 mm Long,3409.098,613.63764,4022.73564,ROUNDPIPE25
454,G053,(3TH)SPRING WASHER 16,BOLT,SPRING WASHER,8,NOS,16,10,0,0,GHANSHYAM VVN,100,0,0,18,0.28,,SPRING WASHER- 16 X 10 MM LONG,27.73762554,4.992772596,32.73039813,PLATE20
455,G053,(3TH)GEAR SIDE PLATE 870 X 725 X 10 THK,PLATE,STD,2,NOS,10,870,725,0,GHANSHYAM VVN,70,0,0,18,99.03,,MT-PLATE Thk 10 Thk  X 870 X 725 mm Long,6931.9425,1247.74965,8179.69215,M16
456,G053,(3TH)DRUM BF HOUSING (CASTING AS PER PETERN),ROUND,CASTING,2,NOS,200,50,0,0,GHANSHYAM VVN,90,0,0,18,24.64,,MT-ROUND Ø 200 X 50 mm Long,2217.6,399.168,2616.768,PLATE10
457,G053,(3TH)BOLT M12 X 40 LG,BOLT,STD,6,NOS,12,40,0,0,GHANSHYAM VVN,100,0,0,18,0.47,,STD- M12 X 40 MM LONG,46.87010419,8.436618755,55.30672295,ROUND200
458,G053,(3TH)ROPE DRUM PIPE Ø 220 X 750LG,PIPE,STD,1,NOS,220,750,190,0,GHANSHYAM VVN,100,0,0,18,223.61,,MT-PIPE OD Ø220 X ID Ø 0 X 750 THK,22360.8,4024.944,26385.744,M12
459,G053,(3TH)ROPE DRUM IDLE SIDE SHAFT ,ROUND,STD,1,NOS,70,160,0,0,GHANSHYAM VVN,80,0,0,18,4.83,,MT-ROUND Ø 70 X 160 mm Long,386.3552,69.543936,455.899136,ROUNDPIPE220
460,G053,(3TH)ROPE DRUM DRIVE SIDE PLATE,ROUND,STD,1,NOS,70,210,0,0,GHANSHYAM VVN,80,0,0,18,6.34,,MT-ROUND Ø 70 X 210 mm Long,507.0912,91.276416,598.367616,ROUND70
461,G053,(3TH)ROPE DRUM INSIDE PLATE ,ROUND,STD,2,NOS,200,12,0,0,GHANSHYAM VVN,80,0,0,18,5.91,,MT-ROUND Ø 200 X 12 mm Long,473.088,85.15584,558.24384,ROUND70
462,G053,(3TH)ROPE GUIDE LEFT SIDE & RIGHT SIDE ,BF,STD,2,NOS,0,0,0,0,GHANSHYAM VVN,1500,0,0,18,2,,BF,3000,540,3540,ROUND200
463,G053,(3TH)ROPE DRUM GUTKO,BF,STD,2,NOS,0,0,0,0,GHANSHYAM VVN,150,0,0,18,2,,BF,300,54,354,BF
464,G053,(3TH)PLANE WASHER 65 X 6 MM THK,ROUND,STD,1,NOS,65,6,0,0,GHANSHYAM VVN,80,0,0,18,0.16,,MT-ROUND Ø 65 X 6 mm Long,12.49248,2.2486464,14.7411264,BF
465,G053,(3TH)MOTOR MAIN HOIST 5 HP 1440 RPM FOOT MOUNTED WITHOUT 190 X BRAKE,BF,STD,1,NOS,0,0,0,0,STARSON AUTOMATION,8968,0,0,18,1,,MOTOR5HP1440FOOT,8968,1614.24,10582.24,ROUND65
466,G053,(3TH)MOTOR  CT GEARBOX .75 HP 1440 RPM FACE MOUNTED WITH BRAKE,BF,STD,1,NOS,,0,0,0,UNKNOWN,8995,0,0,18,1,,0,8995,1619.1,10614.1,MOTOR5HP1440FOOT
467,G053,(3TH)HALF GEAR COUPLING 100 ,BF,STD,1,NOS,,0,0,0,UNKNOWN,4500,0,0,18,1,,0,4500,810,5310,
468,G053,(3TH)ROTTERY LIMIT SWITCH 1:50,BF,STD,1,NOS,,0,0,0,UNKNOWN,2600,0,0,18,1,,0,2600,468,3068,
469,G053,(3TH)LIMIT SWITCH BUMMEN FOR MH,BF,STD,2,NOS,,0,0,0,UNKNOWN,450,0,0,18,2,,0,900,162,1062,
470,G053,(3TH)MT-ROTTERY SWITCH STAND PLATE,PLATE,STD,1,NOS,8,200,200,0,GHANSHYAM VVN,80,0,0,18,2.51,,MT-PLATE Thk 8 Thk  X 200 X 200 mm Long,200.96,36.1728,237.1328,
471,G053,(3TH)MT-ROTTERY SWITCH STAND ANGLE,ISMC,ANGLE40X6,2,NOS,406,200,0,0,GHANSHYAM VVN,80,0,0,18,1.4,,MT-(3TH)MT-ROTTERY SWITCH STAND ANGLE X 200 mm Long,112,20.16,132.16,PLATE8
472,G053,(3TH)BOLT M6 30 LG (ROTTERY),BOLT,PIN,4,NOS,6,30,0,0,GHANSHYAM VVN,100,0,0,18,0.06,,PIN- M6 X 30 MM LONG,6.4631259,1.163362662,7.626488562,ISA406
473,G053,(3TH)NUT M6(ROTTERY),BOLT,NUT,4,NOS,6,10,0,0,GHANSHYAM VVN,100,0,0,18,0.02,,NUT- M6 X 10 MM LONG,2.1543753,0.387787554,2.542162854,M6
474,G053,(3TH EC)BF (6207-72 X 35 X 17),BF,STD,8,NOS,6207,0,0,0,PATEL ENTERPRISE,500,0,0,18,8,24,STD- BF6207 X 0 MM LONG,4000,720,4720,M6
475,G053,(3TH)CIRCLIP INTERNAL  B72,BF,CIRCLIPB72,4,NOS,72,0,0,0,UNKNOWN,50,0,0,18,4,,CIRCLIPB72,200,36,236,BEARING6207
476,G053,(3TH)CIRCLIP EXTERNAL A35,BF,CIRCLIPB72,4,NOS,35,0,0,0,UNKNOWN,50,0,0,18,4,,CIRCLIPA35,200,36,236,CIRCLIPB72
477,G053,(3TH)MT-WHEEL SHAFT,ROUND,EN-8,4,NOS,50,140,0,0,UNKNOWN,80,0,0,18,8.62,,MT-ROUND Ø 50 X 140 mm Long,689.92,124.1856,814.1056,CIRCLIPA35
478,G053,(3TH)LA-TUR-WHEEL SHAFT,LABOUR,NA,4,NOS,0,0,0,0,UNKNOWN,150,0,0,18,4,,LABOUR-(3TH)LA-TUR-WHEEL SHAFT,600,108,708,ROUND50
479,G053,(3TH)LA-KEY-WHEEL SHAFT,LABOUR,NA,4,NOS,0,0,0,0,UNKNOWN,50,0,0,18,4,,LABOUR-(3TH)LA-KEY-WHEEL SHAFT,200,36,236,LABOUR
480,G053,(3TH)MT-CT  DRIVE WHEEL,ROUND,NA,4,NOS,185,70,0,0,UNKNOWN,80,0,0,18,59.03,,MT-ROUND Ø 185 X 70 mm Long,4722.5024,850.050432,5572.552832,LABOUR
481,G053,(3TH)LA-TUR-CT WHEEL,LABOUR,NA,4,NOS,0,0,0,0,UNKNOWN,500,0,0,18,4,,LABOUR-(3TH)LA-TUR-CT WHEEL,2000,360,2360,ROUND185
482,G053,(3TH)LA-TEETH-CT WHEEL,LABOUR,NA,2,NOS,0,0,0,0,UNKNOWN,500,0,0,18,2,,LABOUR-(3TH)LA-TEETH-CT WHEEL,1000,180,1180,LABOUR
483,G053,(3TH)HEX NUT M30,BOLT,NUT,4,NOS,30,30,0,0,UNKNOWN,100,0,0,18,1.2,,NUT- M30 X 30 MM LONG,120,21.6,141.6,LABOUR
484,G053,(3TH)LOCKNUT M30,BOLT,NUT,4,NOS,30,15,0,0,UNKNOWN,100,0,0,18,0.6,,NUT- M30 X 15 MM LONG,60,10.8,70.8,M30
485,G053,(3TH)MT-CCHANEL FOR RUNNER 175 X 735,ISMC,NA,2,KGS,175,735,0,0,UNKNOWN,80,0,0,18,28.08,,MT-(3TH)MT-CCHANEL FOR RUNNER 175 X 735 X 735 mm Long,2246.16,404.3088,2650.4688,M30
486,G053,(3TH)LA-RUNNER ASSEMBLY BORRONG,LABOUR,NA,2,NOS,0,0,0,0,UNKNOWN,1500,0,0,18,2,,LABOUR-(3TH)LA-RUNNER ASSEMBLY BORRONG,3000,540,3540,CH175
487,G053,(3TH)MT-PLATE FOR RUUNNER ,PLATE,N,4,KGS,12,210,150,0,GHANSHYAM VVN,80,0,0,18,11.87,,MT-PLATE Thk 12 Thk  X 210 X 150 mm Long,949.536,170.91648,1120.45248,LABOUR
488,G053,(3TH)MT-CENTERPULLY STAND,PLATE,NA,2,KGS,12,120,655,0,GHANSHYAM VVN,80,0,0,18,14.81,,MT-PLATE Thk 12 Thk  X 120 X 655 mm Long,1184.6592,213.238656,1397.897856,PLATE12
489,G053,(3TH)MT-CENTERPULLY STIFFNER,PLATE,NA,4,KGS,10,80,40,0,GHANSHYAM VVN,80,0,0,18,1,,MT-PLATE Thk 10 Thk  X 80 X 40 mm Long,80.384,14.46912,94.85312,PLATE12
490,G053,(3TH)MT-CENTERPULLY SQBAR 40 X 120,SQ BAR,NA,2,KGS,40,120,40,0,UNKNOWN,80,0,0,18,3.01,,MT-SQ BAR  X 0 X 120 Long,241.152,43.40736,284.55936,PLATE10
491,G053,(3TH)MT-CENTERPULLY ROUND 60 X 45,ROUND,NA,2,KGS,60,45,0,0,UNKNOWN,80,0,0,18,2,,MT-ROUND Ø 60 X 45 mm Long,159.6672,28.740096,188.407296,SQBAR40
492,G053,(3TH)MT-CENTERPULLY Ø160 X 20,ROUND,NA,1,KGS,160,25,0,0,UNKNOWN,80,0,0,18,3.94,,MT-ROUND Ø 160 X 25 mm Long,315.392,56.77056,372.16256,ROUND60
493,G053,(3TH)LA-TUR-CENTERPULLY,LABOUR,NA,1,NOS,0,0,0,0,GHANSHYAM VVN,150,0,0,18,1,,LABOUR-(3TH)LA-TUR-CENTERPULLY,150,27,177,ROUND160
494,G053,(3TH)MT-CENTERPULLY SHAFT Ø40 X 90,ROUND,N,1,KGS,40,90,0,0,GHANSHYAM VVN,80,0,0,18,0.89,,MT-ROUND Ø 40 X 90 mm Long,70.9632,12.773376,83.736576,LABOUR
495,G053,(3TH)MT-STUD M25,ROUND,NA,3,NOS,25,755,0,0,UNKNOWN,80,0,0,18,8.72,,MT-ROUND Ø 25 X 755 mm Long,697.62,125.5716,823.1916,ROUND40
496,G053,(3TH)MT-PLATE FOR STUD RESTING 100 X75 X 10 THK,PLATE,NA,2,NOS,10,100,75,0,GHANSHYAM VVN,80,0,0,18,1.18,,MT-PLATE Thk 10 Thk  X 100 X 75 mm Long,94.2,16.956,111.156,ROUND25
497,G053,(3TH)MT-CCHANEL FOR MOTTOR STAND,ISMC,NA,1,NOS,125,775,0,0,UNKNOWN,80,0,0,18,9.84,,MT-(3TH)MT-CCHANEL FOR MOTTOR STAND X 775 mm Long,787.4,141.732,929.132,PLATE10
498,G053,(3TH)MT-PLATE FOR MOTOR STAND SIDE 135 X 125 X 12 THK,PLATE,NA,2,NOS,12,135,125,0,GHANSHYAM VVN,80,0,0,18,3.18,,MT-PLATE Thk 12 Thk  X 135 X 125 mm Long,254.34,45.7812,300.1212,CH125
499,G053,(3TH)MT-PLATE FOR MOTOR  250 X 200 X 10 THK,PLATE,NA,1,NOS,10,250,200,0,GHANSHYAM VVN,80,0,0,18,3.93,,MT-PLATE Thk 10 Thk  X 250 X 200 mm Long,314,56.52,370.52,PLATE12
500,G053,(3TH)MT-ANGLE 35*5 X 65 LIMIT SWITCH,ISMC,NA,2,NOS,355,65,0,0,UNKNOWN,80,0,0,18,0.34,,MT-(3TH)MT-ANGLE 35*5 X 65 LIMIT SWITCH X 65 mm Long,27.04,4.8672,31.9072,PLATE10
501,G053,(3TH)MT-PATO 25X8X740 LG,PLATE,NA,2,NOS,8,25,740,0,GHANSHYAM VVN,80,0,0,18,2.32,,MT-PLATE Thk 8 Thk  X 25 X 740 mm Long,185.888,33.45984,219.34784,ISA355
502,G053,(3TH)BOLT 6 X 15 FOR COVER,BOLT,NA,12,NOS,6,15,0,0,UNKNOWN,100,0,0,18,0.1,,NA- M6 X 15 MM LONG,9.69468885,1.745043993,11.43973284,PLATE8
503,G049,LA-SR 650 BODY,LABOUR,NA,250,Kgs,0,0,0,0,KARMYOG HEATREATMENT PVT LTD,6,0,0,18,250,0,LABOUR-LA-SR 650 BODY,1500,270,1770,M6
504,G051,MT IPRUF 50 X 325 (2000),ROUND,EN-19,1,Kgs,50,2000,0,0,HINDUSTAN ENTERPRISE,65,0,0,18,30.8,21,MT-ROUND Ø 50 X 2000 mm Long,2002,360.36,2362.36,LABOUR
505,G051,MT IMP RUF Ø65 X 220(1350 LONG) 06 NOS,ROUND,EN-19,1,Kgs,65,1350,0,0,HINDUSTAN ENTERPRISE,65,0,0,18,35.14,21,MT-ROUND Ø 65 X 1350 mm Long,2283.7815,411.08067,2694.86217,ROUND50
506,G051,MT OPS  RUF Ø 70 X 290 (1750 LONG 6 NOS,ROUND,EN-9,1,Kgs,70,1750,0,0,HINDUSTAN ENTERPRISE,65,0,0,18,52.82,21,MT-ROUND Ø 70 X 1750 mm Long,3433.43,618.0174,4051.4474,ROUND65
507,G051,MT GEAR1 RUF Ø230 X 42,ROUND,EN-9,6,Nos,230,42,0,0,HINDUSTAN ENTERPRISE,65,0,0,18,82.12,21,MT-ROUND Ø 230 X 42 mm Long,5337.65232,960.7774176,6298.429738,ROUND70
508,G051,MT GEAR2 RUF Ø265 X 50,ROUND,EN-9,6,Nos,265,50,0,0,HINDUSTAN ENTERPRISE,65,0,0,18,129.78,21,MT-ROUND Ø 265 X 50 mm Long,8435.427,1518.37686,9953.80386,ROUND230
509,G053,EC MT WEB PL6 X 175 X 2450-4 NOS & 168 STI 8 NOS=11144LG,PLATE,NA,2,Kgs,6,175,4310,0,CHANDRAMAULI STEEL,58.3,0,49,18,71.05,0,MT-PLATE Thk 6 Thk  X 175 X 4310 mm Long,4191.235405,754.4223729,4945.657778,ROUND265
510,G053,EC PL TH6 X200X2450LG02NOS AND 2000 LG 02 NOS AND 181 LG 4 NOS ,PLATE,NA,2,Kgs,6,200,6600,0,CHANDRAMAULI STEEL,58.8,0,650,18,124.34,0,MT-PLATE Thk 6 Thk  X 200 X 6600 mm Long,7961.4272,1433.056896,9394.484096,PLATETHK6
511,G053,LTW-MT Ø205 X 100,ROUND,NA,2,Nos,205,100,0,0,HARSHAD STEEL,65,0,0,18,51.77,,MT-ROUND Ø 205 X 100 mm Long,3365.362,605.76516,3971.12716,PLATETHK6
512,G053,LTW-MT 205 X 90,ROUND,NA,2,Nos,205,90,0,0,HARSHAD STEEL,65,0,0,18,46.6,,MT-ROUND Ø 205 X 90 mm Long,3028.8258,545.188644,3574.014444,ROUND205
513,G053,MG-MT STIFNER 250 X 5000,PLATE,NA,2,Nos,6,250,6300,0,CHANDRAMAULI STEEL,60.5,0,0,18,148.37,,MT-PLATE Thk 6 Thk  X 250 X 6300 mm Long,8976.0825,1615.69485,10591.77735,ROUND205
514,G053,MG MT WEB PLATE 6 X 1500 X 6300,PLATE,NA,2,Nos,6,1520,6350,0,CHANDRAMAULI STEEL,70.5,0,0,18,909.22,31,MT-PLATE Thk 6 Thk  X 1520 X 6350 mm Long,64099.8972,11537.9815,75637.8787,PLATETHK6
515,G053,MG BOTTOM MT PLATE 8 X 365 X 6200,PLATE,NA,1,Kgs,8,365,6225,0,CHANDRAMAULI STEEL,71,0,0,18,142.69,,MT-PLATE Thk 8 Thk  X 365 X 6225 mm Long,10130.95095,1823.571171,11954.52212,PLATETHK6
516,G053,MG PL BASE 10 THK X550 X 210,PLATE,NA,8,Kgs,10,550,210,0,STOCK,65,0,0,18,72.53,,MT-PLATE Thk 10 Thk  X 550 X 210 mm Long,4714.71,848.6478,5563.3578,8
517,G053,(EC)LA-TUR-LTWHEEL ,LABOUR,NA,4,Nos,0,0,0,0,RUCHI ENGINEERS,275,0,0,18,4,,LABOUR-(EC)LA-TUR-LTWHEEL ,1100,198,1298,10
518,STOCK,PLATE 533 X 488 X 20 THK,PLATE,NA,1,Nos,20,533,488,0,AMBIKA INDUSTRIES,80,0,0,18,40.84,,MT-PLATE Thk 20 Thk  X 533 X 488 mm Long,3266.90624,588.0431232,3854.949363,LABOUR
519,G054,MT-IP-Ø45 X 555,ROUND,EN-19,1,KGS,45,555,0,0,D.ishwarlal and co,90,0,0,18,6.92,30,MT-ROUND Ø 45 X 555 mm Long,623.0763,112.153734,735.230034,PLATETHK20
520,G054,MT-IMP-Ø45 X 220,ROUND,EN-19,1,KGS,45,220,0,0,STOCK,1,0,0,18,2.74,,MT-ROUND Ø 45 X 220 mm Long,2.74428,0.4939704,3.2382504,45
521,G054,MT-SIP-Ø60 X 220,ROUND,EN-19,1,Kgs,60,220,0,0,STOCK,1,0,0,18,4.88,,MT-ROUND Ø 60 X 220 mm Long,4.87872,0.8781696,5.7568896,45
522,G054,MT-OPS-Ø 100 X 492,ROUND,EN-9,1,Kgs,100,492,0,0,D.ishwarlal and co,68,0,0,18,30.31,30,MT-ROUND Ø 100 X 492 mm Long,2060.8896,370.960128,2431.849728,60
523,G054,MT-GEAR 1-Ø 125 X 35,ROUND,EN-9,1,KGS,125,35,0,0,D.ishwarlal and co,68,0,0,18,3.37,30,MT-ROUND Ø 125 X 35 mm Long,229.075,41.2335,270.3085,100
524,G054,MT-GEAR 2-Ø175 X 40,ROUND,EN-9,1,KGS,175,40,0,0,STOCK,1,0,0,18,7.55,,MT-ROUND Ø 175 X 40 mm Long,7.546,1.35828,8.90428,125
525,G054,MT-GEAR 3-Ø215 X 50,ROUND,EN-9,1,KGS,220,50,0,0,D.ishwarlal and co,75,0,0,18,14.91,30,MT-ROUND Ø 220 X 50 mm Long,1118.04,201.2472,1319.2872,175
526,STOCK,WELDING SPOOL,BF,NA,2,Nos,0,0,0,0,CASH,1400,0,0,0,2,,WELDING ROD,2800,0,2800,220
527,STOCK,Ø100 DIA FOR CRANE,ROUND,NA,1,Nos,100,289,0,0,CASH,61,0,15,0,17.8,,MT-ROUND Ø 100 X 289 mm Long,1100.9464,0,1100.9464,WELDING ROD
528,G053,(EC)LA-WHEEL TEETH CUTTING,LABOUR,NA,2,Nos,0,0,0,0,MANAV INDUSTRIES-BHARATBHAI,650,0,0,18,2,,LABOUR-(EC)LA-WHEEL TEETH CUTTING,1300,234,1534,100
529,STOCK,KEY WAY LABOUR,LABOUR,NA,2,Nos,0,0,0,0,BAHUCHAR ENGINEERING WORKS,1,0,0,18,2,,LABOUR-KEY WAY LABOUR,2,0.36,2.36,LABOUR
530,STOCK,PETERN MILLING ,LABOUR,NA,1,Nos,0,0,0,0,BAHUCHAR ENGINEERING WORKS,1,0,0,18,1,,LABOUR-PETERN MILLING ,1,0.18,1.18,LABOUR
531,G051,MT-PATO MAIN PROFILE 75 X 32,PLATE,NA,2,Kgs,32,75,6100,0,CHANDRAMAULI STEEL,58.8,0,136,18,229.85,,MT-PLATE Thk 32 Thk  X 75 X 6100 mm Long,13651.0624,2457.191232,16108.25363,LABOUR
532,STOCK,PATO 40 X 20,PLATE,NA,2,Kgs,20,40,6000,0,CHANDRAMAULI STEEL,54.5,0,0,18,75.36,,MT-PLATE Thk 20 Thk  X 40 X 6000 mm Long,4107.12,739.2816,4846.4016,32
533,G053,CO-MT-PATO 100 X 6,PLATE,NA,3,Nos,6,100,6300,0,CHANDRAMAULI STEEL,54.5,0,0,18,89.02,,MT-PLATE Thk 6 Thk  X 100 X 6300 mm Long,4851.5355,873.27639,5724.81189,20
534,STOCK,GH CRANE LT GB PINION TEETH CUTTING,LABOUR,NA,2,Nos,0,0,0,0,MANAV INDUSTRIES-BHARATBHAI,350,0,0,0,2,,LABOUR-GH CRANE LT GB PINION TEETH CUTTING,700,0,700,6
535,G053,CO-MT 125 C CH,ISMC,NA,8,Nos,125,6500,0,0,SHREE CHAMUNDA STEEL STORES,52.5,0,0,18,660.4,25,MT-CO-MT 125 C CH X 6500 mm Long,34671,6240.78,40911.78,LABOUR
536,G053,MG-MT ANGLE 50506,ISMC,NA,8,Nos,506,6888,0,0,SHREE CHAMUNDA STEEL STORES,50.5,0,0,18,247.97,25,MT-MG-MT ANGLE 50506 X 6888 mm Long,12522.384,2254.02912,14776.41312,CH125
537,G053,GAN-MT-200 I BEAM,ISMC,NA,7,Nos,200,6788.526,0,0,SHREE CHAMUNDA STEEL STORES,53,0,0,18,1207,25,MT-GAN-MT-200 I BEAM X 6788.526 mm Long,63970.99591,11514.77926,75485.77517,ISA506
538,G053,GAN-SQ BAR 40,PLATE,NA,4,Nos,40,40,7000,0,CASH,56,0,800,18,351.68,,MT-PLATE Thk 40 Thk  X 40 X 7000 mm Long,20494.08,3688.9344,24183.0144,IB200
539,G053,CO-MT-BOTTOM PLATE 16 X 300 X 500,PLATE,NA,2,Kgs,16,300,500,0,AMBIKA INDUSTRIES,77,0,0,18,37.68,23,MT-PLATE Thk 16 Thk  X 300 X 500 mm Long,2901.36,522.2448,3423.6048,40
540,G053,CO MT-PL 6 X 500 X 450,PLATE,NA,4,Nos,6,450,500,0,AMBIKA INDUSTRIES,77,0,0,18,42.39,23,MT-PLATE Thk 6 Thk  X 450 X 500 mm Long,3264.03,587.5254,3851.5554,16
541,G053,CO-MT PL 6 X 200 X 500,PLATE,NA,4,Nos,6,200,500,0,AMBIKA INDUSTRIES,77,0,0,18,18.84,23,MT-PLATE Thk 6 Thk  X 200 X 500 mm Long,1450.68,261.1224,1711.8024,6
542,G053,CO-MT PL 6 X 250 X500,PLATE,NA,2,Nos,10,250,500,0,AMBIKA INDUSTRIES,77,0,0,18,19.63,23,MT-PLATE Thk 10 Thk  X 250 X 500 mm Long,1511.125,272.0025,1783.1275,6
543,G053,CO-MT PL 10 X 250 X300,PLATE,NA,2,Nos,10,250,300,0,AMBIKA INDUSTRIES,77,0,0,18,11.78,23,MT-PLATE Thk 10 Thk  X 250 X 300 mm Long,906.675,163.2015,1069.8765,10
544,G053,(3TH)MT-GEAR SIDE PNEL COVER AND PENLSIDE COVER,BF,NA,1,Set,0,0,0,0,CASH,2640,0,0,0,1,,CRANEPART,2640,0,2640,10
545,G053,MT-ANGLE 40 X 40 X5,ISMC,NA,3,Nos,405,6446,0,0,SHREE CHAMUNDA STEEL STORES,50.5,0,0,18,58.01,25,MT-MT-ANGLE 40 X 40 X5 X 6446 mm Long,2929.707,527.34726,3457.05426,CRANEPART
546,M045,LA-COLOUR JOB WORK,LABOUR,NA,1,Nos,0,0,0,0,CASH,5000,0,0,18,1,,LABOUR-LA-COLOUR JOB WORK,5000,900,5900,ISA405
547,G053,MG BOTTOM MT PLATE 8 X 365 X 5800,PLATE,NA,1,Nos,8,365,5800,0,CHANDRAMAULI STEEL,71,0,898,18,132.95,,MT-PLATE Thk 8 Thk  X 365 X 5800 mm Long,10337.2796,1860.710328,12197.98993,LABOUR
548,STOCK,PLATE 8 THK 770 X 6200,PLATE,NA,1,Nos,8,780,6225,0,CHANDRAMAULI STEEL,71,0,0,18,304.93,,MT-PLATE Thk 8 Thk  X 780 X 6225 mm Long,21649.7034,3896.946612,25546.65001,8
549,STOCK,PL 8 X 365 X 400,PLATE,NA,1,Nos,8,365,400,0,CHANDRAMAULI STEEL,71,0,0,18,9.17,,MT-PLATE Thk 8 Thk  X 365 X 400 mm Long,650.9848,117.177264,768.162064,8
550,G053,COLOUR FOR COLOUM,BF,NA,1,Nos,0,0,0,0,CASH,1500,0,0,18,1,,COLOUR,1500,270,1770,8
551,G053,GAN-SQ BAR 40 ,PLATE,NA,1,Nos,40,40,7000,0,STOCK,56,0,0,18,87.92,,MT-PLATE Thk 40 Thk  X 40 X 7000 mm Long,4923.52,886.2336,5809.7536,COLOUR
552,G053,RCC DRILL BIT Ø25,BF,NA,1,Nos,0,0,0,0,CASH,450,0,0,18,1,,MISCEXP,450,81,531,40
553,G053,TEMPO RENT FOR GANTRY,BF,NA,1,Nos,0,0,0,0,CASH,6500,0,0,18,1,,MISCEXP,6500,1170,7670,MISCEXP
554,G053,FOUNDATION BOLT ,BF,NA,15,Nos,20,150,0,0,ADISHWAR HARDWARE & TOOLS,100,0,0,18,15,,20,1500,270,1770,MISCEXP
555,G056,FAB-PLATE THK 8 X 232 X 877 ,PLATE,NA,4,KGS,8,232,877,0,GHANSHYAM VVN,70,0,0,18,51.11,,MT-PLATE Thk 8 Thk  X 232 X 877 mm Long,3577.710976,643.9879757,4221.698952,M20
556,G056,FAB-3AH 550-GBC-A1_2,PLATE,NA,1,KGS,8,242,1244,0,GHANSHYAM VVN,70,0,0,18,18.91,,MT-PLATE Thk 8 Thk  X 242 X 1244 mm Long,1323.407008,238.2132614,1561.620269,PLATE8
557,G056,MT FAB MAIN PROFILE,PLATE,NA,4,KGS,50,115,758,0,GHANSHYAM VVN,70,0,0,18,136.86,,MT-PLATE Thk 50 Thk  X 115 X 758 mm Long,9579.983,1724.39694,11304.37994,PLATE8
558,G056,FAB-3AH 550-GBC-A1_4,PLATE,NA,4,KGS,20,40,142,,GHANSHYAM VVN,70,0,0,18,3.57,,MT-PLATE Thk 20 Thk  X 40 X 142 mm Long,249.6928,44.944704,294.637504,PLATE50
559,G056,3AH 550-GBC-A1_5,PLATE,NA,4,KGS,20,40,326,,GHANSHYAM VVN,70,0,0,18,8.19,,MT-PLATE Thk 20 Thk  X 40 X 326 mm Long,573.2384,103.182912,676.421312,PLATE20
560,G056,3AH 550-GBC-A1_6,PLATE,NA,2,KGS,25,77,470,,GHANSHYAM VVN,70,0,0,18,14.2,,MT-PLATE Thk 25 Thk  X 77 X 470 mm Long,994.32025,178.977645,1173.297895,PLATE20
561,G056,3AH 550-GBC-A1_7,PLATE,NA,1,KGS,6,35,856,,GHANSHYAM VVN,70,0,0,18,1.41,,MT-PLATE Thk 6 Thk  X 35 X 856 mm Long,98.77812,17.7800616,116.5581816,PLATE25
562,G056,3AH 550-GBC-A1_8,PLATE,NA,1,KGS,6,242,1175,,GHANSHYAM VVN,70,0,0,18,13.39,,MT-PLATE Thk 6 Thk  X 242 X 1175 mm Long,937.50195,168.750351,1106.252301,PLATE6
563,G056,C CHANNEL 75,ISMC,NA,1,KGS,75,90,0,0,GHANSHYAM VVN,70,0,0,18,0.61,,MT-C CHANNEL 75 X 90 mm Long,42.84,7.7112,50.5512,PLATE6
564,G056,C CHANNEL 75,ISMC,NA,4,KGS,75,80,0,0,GHANSHYAM VVN,70,0,0,18,2.18,,MT-C CHANNEL 75 X 80 mm Long,152.32,27.4176,179.7376,CH75
565,G056,3AH 550-GBC-A1_11,BF,STD,2,Nos,10,50,0,0,GHANSHYAM VVN,10,0,0,18,2,,DOWELPIN 10X50,20,3.6,23.6,CH75
566,G056,3AH 550-GBC-A1_12,BF,STD,16,NOS,16,0,0,0,GHANSHYAM VVN,5,0,0,18,16,,HEXBOLT-16X70,80,14.4,94.4,DOWELPIN 10X50
567,G056,3AH 550-GBC-A1_13,BF,STD,16,NOS,16,0,0,0,GHANSHYAM VVN,2.5,0,0,18,16,,HEXNUT-16,40,7.2,47.2,HEXBOLT-M16X70
568,G056,3AH 550-GBC-A1_14,BF,STD,16,NOS,16,0,0,0,GHANSHYAM VVN,1,0,0,18,16,,SPWASHER-A16,16,2.88,18.88,HEXNUT-M16
569,G056,3AH 550-GBC-A1_20_SILICON,BF,STD,3,NOS,0,0,0,0,GHANSHYAM VVN,90,0,0,18,3,,SILICON,270,48.6,318.6,SPWASHER-A16
570,G056,3AH 550-GBC-A1_23_STUD 16X200,ROUND,STD,8,KGS,16,200,0,0,GHANSHYAM VVN,65,0,0,18,2.52,,MT-ROUND Ø 16 X 200 mm Long,164.00384,29.5206912,193.5245312,SILICON
571,G056,3AH 550-GBC-A1_19_NUT 16,BF,STD,28,NOS,16,0,0,0,GHANSHYAM VVN,2.5,0,0,18,28,,HEXNUT-16,70,12.6,82.6,ROUND16
572,G056,3AH550 FABRICATION WITH SR- JW,LABOUR,NA,250,KGS,0,0,0,0,GHANSHYAM VVN,25,0,0,18,250,,LABOUR-3AH550 FABRICATION WITH SR- JW,6250,1125,7375,HEXNUT-M16
573,G056,3AH550 GBODY BORING JW,LABOUR,NA,1,Nos,0,0,0,0,GHANSHYAM VVN,12000,0,0,18,1,,LABOUR-3AH550 GBODY BORING JW,12000,2160,14160,LABOUR
574,G056,MT-3AH 550-IP-15-2.5-A,ROUND,EN-24,1,KGS,55,630,0,0,D.ishwarlal and co,90,0,0,18,11.74,30,MT-ROUND Ø 55 X 630 mm Long,1056.5478,190.178604,1246.726404,LABOUR
575,G056,MT-3AH 550-G1-84-2.5-A,ROUND,EN-9,1,KGS,230,60,,0,D.ishwarlal and co,75,0,0,18,19.55,30,MT-ROUND Ø 230 X 60 mm Long,1466.388,263.94984,1730.33784,55
576,G056,MT-3AH 550-FIP-15-3.5-A,ROUND,EN-24,1,KGS,65,342,0,0,D.ishwarlal and co,90,0,0,18,8.9,30,MT-ROUND Ø 65 X 342 mm Long,801.08028,144.1944504,945.2747304,230
577,G056,MT-3AH 550-G2-84-3.5-A,ROUND,EN-9,1,KGS,320,80,0,0,D.ishwarlal and co,75,0,0,18,50.46,30,MT-ROUND Ø 320 X 80 mm Long,3784.704,681.24672,4465.95072,65
578,G056,MT-3AH 550-SIP-17-05-A,ROUND,EN-24,1,KGS,105,342,0,0,D.ishwarlal and co,90,0,0,18,23.23,30,MT-ROUND Ø 105 X 342 mm Long,2090.39292,376.2707256,2466.663646,320
579,G056,MT-3AH550-G3-82-5-A,ROUND,EN-9,1,KGS,440,110,0,0,D.ishwarlal and co,78,0,0,18,131.18,30,MT-ROUND Ø 440 X 110 mm Long,10232.30208,1841.814374,12074.11645,105
580,G056,MT-3AH 550-OP-A8,ROUND,EN-9,1,KGS,130,550,140,0,D.ishwarlal and co,68,0,0,18,57.26,30,MT-ROUND Ø 130 X 550 mm Long,3893.4896,700.828128,4594.317728,440
581,G056,MT-SP-92-70-41 LG,PIPE,STD,1,KGS,92,41,0,70,UNKNOWN,100,0,0,18,0.9,29,MT-PIPE OD Ø92 X ID Ø 70 X 41 THK,90.012384,16.20222912,106.2146131,130
582,G056,MT-SP-60-48-46 LG,PIPE,STD,1,KGS,60,46,0,48,UNKNOWN,100,0,0,18,0.37,29,MT-PIPE OD Ø60 X ID Ø 48 X 46 THK,36.723456,6.61022208,43.33367808,92
583,G056,MT-SP-120-95-28 LG,PIPE,STD,1,KGS,120,28,0,95,UNKNOWN,100,0,0,18,0.93,29,MT-PIPE OD Ø120 X ID Ø 95 X 28 THK,92.708,16.68744,109.39544,60
584,G056,BERING6309,BF,STD,2,Nos,6309,0,0,0,UNKNOWN,225,0,0,18,2,26,STD- 6309 X 0 MM LONG,450,81,531,120
585,G056,BERING22212,BF,STD,2,Nos,22212,0,0,0,UNKNOWN,375,0,0,18,2,26,STD- 22212 X 0 MM LONG,750,135,885,BEARING6309
586,G056,BERING22216,BF,STD,2,Nos,22216,0,0,0,UNKNOWN,1650,0,0,18,2,26,STD- 22216 X 0 MM LONG,3300,594,3894,BEARING22212
587,G056,BERING22222,BF,STD,2,Nos,22222,0,0,0,UNKNOWN,1650,0,0,18,2,26,STD- 22222 X 0 MM LONG,3300,594,3894,BEARING22216
588,G056,3AH550 IP TURNING JW,LABOUR,NA,1,Nos,0,0,0,0,UNKNOWN,400,0,0,18,1,,LABOUR-3AH550 IP TURNING JW,400,72,472,BEARING22222
589,G056,3AH550-FIP-TURNING JW,LABOUR,NA,1,Nos,0,0,0,0,UNKNOWN,350,0,0,18,1,,LABOUR-3AH550-FIP-TURNING JW,350,63,413,JW
590,G056,3AH550-SIP-TURNING JW,LABOUR,NA,1,Nos,0,0,0,0,UNKNOWN,400,0,0,18,1,,LABOUR-3AH550-SIP-TURNING JW,400,72,472,JW
591,G056,3AH550-G1-TURNING JW,LABOUR,NA,1,Nos,0,0,0,0,UNKNOWN,300,0,0,18,1,,LABOUR-3AH550-G1-TURNING JW,300,54,354,JW
592,G056,3AH550-G2-TURNING JW,LABOUR,NA,1,Nos,0,0,0,0,UNKNOWN,500,0,0,18,1,,LABOUR-3AH550-G2-TURNING JW,500,90,590,JW
593,G056,3AH550-G3-TURNING JW,LABOUR,NA,1,Nos,0,0,0,0,UNKNOWN,650,0,0,18,1,,LABOUR-3AH550-G3-TURNING JW,650,117,767,JW
594,G056,3AH550-OPS-TURNING JW,LABOUR,NA,1,Nos,0,0,0,0,UNKNOWN,400,0,0,18,1,,LABOUR-3AH550-OPS-TURNING JW,400,72,472,JW
595,G056,3AH550 IP MILLING JW,LABOUR,NA,1,Nos,0,0,0,0,UNKNOWN,100,0,0,18,1,,LABOUR-3AH550 IP MILLING JW,100,18,118,JW
596,G056,3AH550-FIP-MILLING JW,LABOUR,NA,1,Nos,0,0,0,0,UNKNOWN,80,0,0,18,1,,LABOUR-3AH550-FIP-MILLING JW,80,14.4,94.4,JW
597,G056,3AH550-SIP-MILLING JW,LABOUR,NA,1,Nos,0,0,0,0,UNKNOWN,80,0,0,18,1,,LABOUR-3AH550-SIP-MILLING JW,80,14.4,94.4,JW
598,G056,3AH550-G1-SLOTTING JW,LABOUR,NA,1,Nos,0,0,0,0,UNKNOWN,80,0,0,18,1,,LABOUR-3AH550-G1-SLOTTING JW,80,14.4,94.4,JW
599,G056,3AH550-G2-SLOTTING JW,LABOUR,NA,1,Nos,0,0,0,0,UNKNOWN,80,0,0,18,1,,LABOUR-3AH550-G2-SLOTTING JW,80,14.4,94.4,JW
600,G056,3AH550-G3-SLOTTING JW,LABOUR,NA,1,Nos,0,0,0,0,UNKNOWN,120,0,0,18,1,,LABOUR-3AH550-G3-SLOTTING JW,120,21.6,141.6,JW
601,G056,3AH550-OPS-MILLING JW,LABOUR,NA,1,Nos,0,0,0,0,UNKNOWN,100,0,0,18,1,,LABOUR-3AH550-OPS-MILLING JW,100,18,118,JW
602,G056,3AH550 IP HEAT TREATMENT JW,LABOUR,NA,10,KGS,0,0,0,0,UNKNOWN,20,0,0,18,10,,LABOUR-3AH550 IP HEAT TREATMENT JW,200,36,236,JW
603,G056,3AH550-FIP-HEAT TREATMENT JW,LABOUR,NA,9,KGS,0,0,0,0,UNKNOWN,20,0,0,18,9,,LABOUR-3AH550-FIP-HEAT TREATMENT JW,180,32.4,212.4,JW
604,G056,3AH550-SIP-HEAT TREATMENT JW,LABOUR,NA,23,Nos,0,0,0,0,UNKNOWN,20,0,0,18,23,,LABOUR-3AH550-SIP-HEAT TREATMENT JW,460,82.8,542.8,JW
605,G056,3AH550-G1-HEAT TREATMENT JW,LABOUR,NA,19,Nos,0,0,0,0,UNKNOWN,20,0,0,18,19,,LABOUR-3AH550-G1-HEAT TREATMENT JW,380,68.4,448.4,JW
606,G056,3AH550-G2-HEAT TREATMENT JW,LABOUR,NA,48,Nos,0,0,0,0,UNKNOWN,20,0,0,18,48,,LABOUR-3AH550-G2-HEAT TREATMENT JW,960,172.8,1132.8,JW
607,G056,3AH550-G3-HEAT TREATMENT JW,LABOUR,NA,129,Nos,0,0,0,0,UNKNOWN,20,0,0,18,129,,LABOUR-3AH550-G3-HEAT TREATMENT JW,2580,464.4,3044.4,JW
608,G056,3AH550-OPS-HEAT TREATMENT JW,LABOUR,NA,53,Nos,0,0,0,0,UNKNOWN,20,0,0,18,53,,LABOUR-3AH550-OPS-HEAT TREATMENT JW,1060,190.8,1250.8,JW
609,G056,3AH550 IP TEETH CUTTING JW,LABOUR,NA,1,Nos,0,0,0,0,UNKNOWN,275,0,0,18,1,,LABOUR-3AH550 IP TEETH CUTTING JW,275,49.5,324.5,JW
610,G056,3AH550-FIP-TEETH CUTTING JW,LABOUR,NA,1,Nos,0,0,0,0,UNKNOWN,438,0,0,18,1,,LABOUR-3AH550-FIP-TEETH CUTTING JW,438,78.84,516.84,JW
611,G056,3AH550-SIP-TEETH CUTTING JW,LABOUR,NA,1,Nos,0,0,0,0,UNKNOWN,622,0,0,18,1,,LABOUR-3AH550-SIP-TEETH CUTTING JW,622,111.96,733.96,JW
612,G056,3AH550-G1-TEETH CUTTING JW,LABOUR,NA,1,Nos,0,0,0,0,UNKNOWN,558,0,0,18,1,,LABOUR-3AH550-G1-TEETH CUTTING JW,558,100.44,658.44,JW
613,G056,3AH550-G2-TEETH CUTTING JW,LABOUR,NA,1,Nos,0,0,0,0,UNKNOWN,1178,0,0,18,1,,LABOUR-3AH550-G2-TEETH CUTTING JW,1178,212.04,1390.04,JW
614,G056,3AH550-G3-TEETH CUTTING JW,LABOUR,NA,1,Nos,0,0,0,0,UNKNOWN,2350,0,0,18,1,,LABOUR-3AH550-G3-TEETH CUTTING JW,2350,423,2773,JW
615,G056,3AH550-OPS-TEETH CUTTING JW,LABOUR,NA,1,Nos,0,0,0,0,UNKNOWN,486,0,0,18,1,,LABOUR-3AH550-OPS-TEETH CUTTING JW,486,87.48,573.48,JW
616,G056,3AH550 IP GRINDING JW,LABOUR,NA,1,Nos,0,0,0,0,UNKNOWN,100,0,0,18,1,,LABOUR-3AH550 IP GRINDING JW,100,18,118,JW
617,G056,3AH550-FIP-GRINDING JW,LABOUR,NA,1,Nos,0,0,0,0,UNKNOWN,100,0,0,18,1,,LABOUR-3AH550-FIP-GRINDING JW,100,18,118,JW
618,G056,3AH550-SIP-GRINDING JW,LABOUR,NA,1,Nos,0,0,0,0,UNKNOWN,100,0,0,18,1,,LABOUR-3AH550-SIP-GRINDING JW,100,18,118,JW
619,G056,MT-3AH550-BF COVER-IP SS,ROUND,STD,1,KGS,150,20,0,0,UNKNOWN,70,0,0,18,2.77,29,MT-ROUND Ø 150 X 20 mm Long,194.04,34.9272,228.9672,JW
620,G056,MT-3AH550-BF COVER-IP SS,ROUND,STD,1,KGS,150,3.15,0,0,UNKNOWN,70,0,0,18,0.44,29,MT-ROUND Ø 150 X 3.15 mm Long,30.5613,5.501034,36.062334,150
621,G056,MT-3AH550-BF COVER FIP,ROUND,STD,2,KGS,140,12,0,0,UNKNOWN,70,0,0,18,2.9,29,MT-ROUND Ø 140 X 12 mm Long,202.83648,36.5105664,239.3470464,150
622,G056,MT-3AH550-BF COVER SIP,ROUND,STD,2,KGS,180,12,0,0,UNKNOWN,70,0,0,18,4.79,29,MT-ROUND Ø 180 X 12 mm Long,335.30112,60.3542016,395.6553216,140
623,G056,MT-3AH550-BF COVER OPS,ROUND,STD,1,KGS,230,12,0,0,UNKNOWN,70,0,0,18,3.91,29,MT-ROUND Ø 230 X 12 mm Long,273.72576,49.2706368,322.9963968,180
624,G056,MT-3AH550-BF COVER OPS,ROUND,STD,1,KGS,230,20,0,0,UNKNOWN,70,0,0,18,6.52,29,MT-ROUND Ø 230 X 20 mm Long,456.2096,82.117728,538.327328,230
625,G056,MT-3AH550-BF COVER OPS,ROUND,STD,1,KGS,230,3.15,0,0,UNKNOWN,70,0,0,18,1.03,29,MT-ROUND Ø 230 X 3.15 mm Long,71.853012,12.93354216,84.78655416,230
626,G056,MT-3AH550-BF COVER-IP SS,ROUND,BC,1,Nos,150,12,0,0,UNKNOWN,70,0,0,18,1.66,29,MT-ROUND Ø 150 X 12 mm Long,116.424,20.95632,137.38032,230
627,G056,3AH550-BF COVER-TURNING,LABOUR,NA,1,Nos,0,0,0,0,UNKNOWN,100,0,0,18,1,,LABOUR-3AH550-BF COVER-TURNING,100,18,118,150
628,G056,3AH550-BF COVER-TURNING,LABOUR,NA,1,Nos,0,0,0,0,UNKNOWN,100,0,0,18,1,,LABOUR-3AH550-BF COVER-TURNING,100,18,118,JW
629,G056,3AH550-BF COVER-TURNING,LABOUR,NA,1,Nos,0,0,0,0,UNKNOWN,100,0,0,18,1,,LABOUR-3AH550-BF COVER-TURNING,100,18,118,JW
630,G056,3AH550-BF COVER-TURNING,LABOUR,NA,1,Nos,0,0,0,0,UNKNOWN,100,0,0,18,1,,LABOUR-3AH550-BF COVER-TURNING,100,18,118,JW
631,G056,3AH550-BF COVER-TURNING,LABOUR,NA,1,Nos,0,0,0,0,UNKNOWN,100,0,0,18,1,,LABOUR-3AH550-BF COVER-TURNING,100,18,118,JW
632,G056,3AH550-BF COVER-TURNING,LABOUR,NA,1,Nos,0,0,0,0,UNKNOWN,100,0,0,18,1,,LABOUR-3AH550-BF COVER-TURNING,100,18,118,JW
633,G056,3AH550-BF COVER-TURNING,LABOUR,NA,1,Nos,0,0,0,0,UNKNOWN,100,0,0,18,1,,LABOUR-3AH550-BF COVER-TURNING,100,18,118,JW
634,G056,3AH550-BF COVER-TURNING,LABOUR,NA,1,Nos,0,0,0,0,UNKNOWN,100,0,0,18,1,,LABOUR-3AH550-BF COVER-TURNING,100,18,118,JW
635,G056,BF 45X60X12BS,BF,STD,1,Nos,456012,0,0,0,UNKNOWN,100,0,0,18,1,26,456012,100,18,118,JW
636,G056,BF 110X140X13 BS,BF,STD,1,Nos,11014013,0,0,0,UNKNOWN,100,0,0,18,1,26,11014013,100,18,118,OILSEAL45X60X12
637,G056,KEY 12X8X88L,BF,STD,1,Nos,12,88,0,0,UNKNOWN,25,0,0,18,1,,KEY 12X8,25,4.5,29.5,OILSEAL110X140X13
638,G056,KEY 12X8X60L,BF,STD,1,Nos,12,60,0,0,UNKNOWN,25,0,0,18,1,,KEY 12X8,25,4.5,29.5,KEY 12X8
639,G056,KEY 18X11X55LG,BF,STD,1,Nos,25,55,0,0,UNKNOWN,25,0,0,18,1,,KEY 18X11,25,4.5,29.5,KEY 12X8
640,G056,KEY25X14X75LG,BF,STD,1,Nos,25,75,0,0,UNKNOWN,20,0,0,18,1,,KEY 25X14,20,3.6,23.6,KEY 18X11
641,G056,KEY36X20X140LG,BF,STD,1,Nos,36,140,0,0,UNKNOWN,20,0,0,18,1,,KEY 36X20,20,3.6,23.6,KEY 25X14
642,G056,"1/2"" B.S.P.PLUG",BF,STD,1,Nos,0,0,0,0,UNKNOWN,10,0,0,18,1,,PLUG1/2 BSP,10,1.8,11.8,KEY 36X20
643,G056,SILICON,BF,STD,1,Nos,0,0,0,0,UNKNOWN,90,0,0,18,1,,SILICON,90,16.2,106.2,PLUG1/2 BSP
644,G056,HEXBOLT12X30,BOLT,BOLT,36,Nos,12,60,0,0,UNKNOWN,90,0,0,18,4.22,,BOLT- M12 X 60 MM LONG,379.647844,68.33661191,447.9844559,SILICON
645,G056,SPRINGWASHER12,BF,STD,36,Nos,12,0,0,0,UNKNOWN,1,0,0,18,36,,SPWASHER-A12,36,6.48,42.48,M12
646,G056,LA-COLOUR JOB WORK,LABOUR,NA,1,Nos,0,0,0,0,CASH,5000,0,0,18,1,,LABOUR-LA-COLOUR JOB WORK,5000,900,5900,SPWASHER-A12
647,G057,MT-IP Ø50 X 490,ROUND,EN-19,1,Nos,50,490,0,0,D.ishwarlal and co,90,0,0,18,7.55,30,MT-ROUND Ø 50 X 490 mm Long,679.14,122.2452,801.3852,LABOUR
648,G057,MT-FIP Ø50 X 220,ROUND,EN-19,1,Nos,50,220,0,0,D.ishwarlal and co,90,0,0,18,3.39,30,MT-ROUND Ø 50 X 220 mm Long,304.92,54.8856,359.8056,50
649,G057,MT-GEAR1 Ø230 X 35,ROUND,EN-9,1,Nos,230,35,0,0,D.ishwarlal and co,75,0,0,18,11.41,30,MT-ROUND Ø 230 X 35 mm Long,855.393,153.97074,1009.36374,50
650,G057,MT-GEAR 2 Ø270 X 50,ROUND,EN-9,1,Nos,270,50,0,0,D.ishwarlal and co,75,0,0,18,22.45,30,MT-ROUND Ø 270 X 50 mm Long,1683.99,303.1182,1987.1082,230
651,G057,MT-OPS Ø 70 X 410,ROUND,EN-9,1,Nos,70,410,0,0,D.ishwarlal and co,68,0,0,18,12.38,30,MT-ROUND Ø 70 X 410 mm Long,841.52992,151.4753856,993.0053056,270
652,G057,MT BF IP 6011,BF,STD,2,Nos,6011,0,0,0,PATEL ENTERPRISE,1,0,0,18,2,26,STD- BF6011 X 0 MM LONG,2,0.36,2.36,70
653,G057,BF FIP AND OPS,BF,STD,4,Nos,6208,0,0,0,PATEL ENTERPRISE,1,0,0,18,4,26,STD- BF6208 X 0 MM LONG,4,0.72,4.72,BEARING6011
654,G057,BF 55*70*8,BF,STD,2,Nos,557010,0,0,0,PATEL ENTERPRISE,1,0,0,18,2,26,557010,2,0.36,2.36,BEARING6208
655,G057,BF 60X40X10,BF,STD,2,Nos,406010,0,0,0,STOCK,1,0,0,18,2,,OILSEAL40X60X10,2,0.36,2.36,OILSEAL55X70X8
656,G054,BF 6014,BF,NA,2,Nos,6014,0,0,0,PATEL ENTERPRISE,1,0,0,18,2,26,NA- BF6014 X 0 MM LONG,2,0.36,2.36,OILSEAL40X60X10
657,G054,BF 6208,BF,NA,2,Nos,6208,0,0,0,PATEL ENTERPRISE,1,0,0,18,2,26,NA- BF6208 X 0 MM LONG,2,0.36,2.36,BEARING6014
658,G054,BF 6206,BF,NA,4,Nos,6206,0,0,0,PATEL ENTERPRISE,1,0,0,18,4,26,NA- BF6206 X 0 MM LONG,4,0.72,4.72,BEARING6208
659,G054,BF 30*52*9,BF,NA,2,Nos,35527,0,0,0,PATEL ENTERPRISE,1,0,0,18,2,26,35527,2,0.36,2.36,BEARING6206
660,G054,BF 70X90X10,BF,NA,2,Nos,709010,0,0,0,PATEL ENTERPRISE,1,0,0,18,2,26,709010,2,0.36,2.36,OILSEAL30X52X7
661,G057,LABOUR GEAR2-275,LABOUR,NA,1,Nos,0,0,0,0,RUCHI ENGINEERS,1,0,0,18,1,,LABOUR-LABOUR GEAR2-275,1,0.18,1.18,OILSEAL70X90X10
662,G054,LABOUR JOB WORK TURNING FIP,LABOUR,NA,1,Nos,0,0,0,0,RUCHI ENGINEERS,1,0,0,18,1,,LABOUR-LABOUR JOB WORK TURNING FIP,1,0.18,1.18,LABOUR
663,G054,LABOUR TURNING SIP 300,LABOUR,NA,1,Nos,0,0,0,0,RUCHI ENGINEERS,0,0,0,18,1,,LABOUR-LABOUR TURNING SIP 300,0,0,0,LABOUR
664,M045,LABOUR STRESS RELIV BODY,LABOUR,NA,209,Nos,0,0,0,0,KARMYOG HEATREATMENT PVT LTD,5,0,0,12,209,,LABOUR-LABOUR STRESS RELIV BODY,1045,125.4,1170.4,LABOUR
665,G060,MT WHEEL Ø160 X 80,ROUND,NA,4,Nos,160,80,0,0,UNKNOWN,70,0,0,18,50.46,,MT-ROUND Ø 160 X 80 mm Long,3532.3904,635.830272,4168.220672,LABOUR
666,G060,MT-SHAFT Ø40 X 190 LG,ROUND,NA,4,Nos,40,190,0,0,UNKNOWN,70,0,0,18,7.49,,MT-ROUND Ø 40 X 190 mm Long,524.3392,94.381056,618.720256,160
667,G060,MT COVER Ø100 X 10 THK,ROUND,NA,8,Nos,100,10,0,0,UNKNOWN,70,0,0,18,4.93,,MT-ROUND Ø 100 X 10 mm Long,344.96,62.0928,407.0528,40
668,G060,MT-SPACER Ø40 X 31 X 31.5,PIPE,NA,8,Nos,40,32,0,31,UNKNOWN,70,0,0,18,1.01,,MT-PIPE OD Ø40 X ID Ø 31 X 32 THK,70.5374208,12.69673574,83.23415654,100
669,G060,BF 6206,BF,NA,8,Nos,6206,0,0,0,PATEL ENTERPRISE,1,0,0,18,8,,NA- BF6206 X 0 MM LONG,8,1.44,9.44,40
670,G060,LABOUR WHEEL TURNING,LABOUR,NA,4,Nos,0,0,0,0,RUCHI ENGINEERS,300,0,0,18,4,,LABOUR-LABOUR WHEEL TURNING,1200,216,1416,BEARING6206
671,G060,LABOUR SHAFT TURNING,LABOUR,NA,4,Nos,0,0,0,0,RUCHI ENGINEERS,150,0,0,18,4,,LABOUR-LABOUR SHAFT TURNING,600,108,708,LABOUR
672,G060,LABOUR COVER,LABOUR,NA,8,Nos,0,0,0,0,RUCHI ENGINEERS,80,0,0,18,8,,LABOUR-LABOUR COVER,640,115.2,755.2,LABOUR
673,G060,LABOUR SPACER TUR,LABOUR,NA,8,Nos,0,0,0,0,GHANSHYAM VVN,50,0,0,18,8,,LABOUR-LABOUR SPACER TUR,400,72,472,LABOUR
674,G060,MT END CARAAIGE 125 ISMC,ISMC,NA,1,Nos,125,7900,0,0,GHANSHYAM VVN,60,0,0,18,100.33,,MT-MT END CARAAIGE 125 ISMC X 7900 mm Long,6019.8,1083.564,7103.364,LABOUR
675,G060,MT EC TOP PLATE,PLATE,NA,2,Nos,275,225,10,0,GHANSHYAM VVN,70,0,0,18,9.71,,MT-PLATE Thk 275 Thk  X 225 X 10 mm Long,680.00625,122.401125,802.407375,CH125
676,G060,MT EC SIDE PLATE,PLATE,NA,2,Nos,150,225,10,0,GHANSHYAM VVN,70,0,0,18,5.3,,MT-PLATE Thk 150 Thk  X 225 X 10 mm Long,370.9125,66.76425,437.67675,275
677,G060,MT EC CLOSING PLATE,PLATE,NA,2,Nos,265,125,10,0,GHANSHYAM VVN,70,0,0,18,5.2,,MT-PLATE Thk 265 Thk  X 125 X 10 mm Long,364.04375,65.527875,429.571625,150
678,G056,MT TOOTHEDBUSH 550 Ø160 X 130 LG,ROUND,NA,1,Nos,160,130,0,0,D.ishwarlal and co,66.5,0,0,18,20.5,30,MT-ROUND Ø 160 X 130 mm Long,1363.28192,245.3907456,1608.672666,265
679,M045,MT GEAR 3 Ø430 X 110 LG,ROUND,NA,1,Nos,430,110,0,0,UNKNOWN,78,0,0,18,125.29,,MT-ROUND Ø 430 X 110 mm Long,9772.48272,1759.04689,11531.52961,160
680,G060,BF LT WHEEL 6206,BF,NA,8,Nos,6206,0,0,0,PATEL ENTERPRISE,100,0,0,18,8,,NA- BF6206 X 0 MM LONG,800,144,944,430
681,G053,COLOUR FOR CRANE GOLDENYELLOW AUTO,BF,NA,20,LTR,0,0,0,0,CASH,4200,0,0,18,20,,COLOUR,84000,15120,99120,BEARING6206
682,G053,LABOUR CRANE COLOUR MAYANK,LABOUR,NA,1,Nos,0,0,0,0,CASH,8000,0,0,18,1,,LABOUR-LABOUR CRANE COLOUR MAYANK,8000,1440,9440,COLOUR
683,G053,AC DRIVE ATV310HU15NE 2HP 3PH VFD,BF,NA,1,Nos,0,0,0,0,UMIYA ELECTRICAL STORE,9500,0,0,18,1,,VFD,9500,1710,11210,LABOUR
684,M062,BRAKE 130 MODEL ELECTROMAGNET,BF,NA,3,Nos,0,0,0,0,BHARAT SOLANKI,1800,0,0,18,3,31,BRAKE,5400,972,6372,VFD
685,M062,BRAKE 190 X MODEL ELECTROMAGNET,BF,NA,1,NOS,0,0,0,0,BHARAT SOLANKI,3300,0,0,18,1,31,BRAKE,3300,594,3894,BRAKE
686,G061,MT-CT WHEEL ALL BROUNGE,ROUND,ALLUMINUM BRONGE,4,Nos,110,50,0,0,NISARG CASSTING,800,0,0,18,14.91,,MT-ROUND Ø 110 X 50 mm Long,11925.76,2146.6368,14072.3968,BRAKE
,,,,,,,,,,,,,,,,,,,,,,110
